PRAGMA foreign_keys=OFF;
BEGIN TRANSACTION;
CREATE TABLE IF NOT EXISTS "django_migrations" ("id" integer NOT NULL PRIMARY KEY AUTOINCREMENT, "app" varchar(255) NOT NULL, "name" varchar(255) NOT NULL, "applied" datetime NOT NULL);
INSERT INTO django_migrations VALUES(1,'contenttypes','0001_initial','2024-05-27 22:25:11.470264');
INSERT INTO django_migrations VALUES(2,'contenttypes','0002_remove_content_type_name','2024-05-27 22:25:11.574692');
INSERT INTO django_migrations VALUES(3,'auth','0001_initial','2024-05-27 22:25:11.740235');
INSERT INTO django_migrations VALUES(4,'auth','0002_alter_permission_name_max_length','2024-05-27 22:25:11.804770');
INSERT INTO django_migrations VALUES(5,'auth','0003_alter_user_email_max_length','2024-05-27 22:25:11.926568');
INSERT INTO django_migrations VALUES(6,'auth','0004_alter_user_username_opts','2024-05-27 22:25:12.009081');
INSERT INTO django_migrations VALUES(7,'auth','0005_alter_user_last_login_null','2024-05-27 22:25:12.114373');
INSERT INTO django_migrations VALUES(8,'auth','0006_require_contenttypes_0002','2024-05-27 22:25:12.196719');
INSERT INTO django_migrations VALUES(9,'auth','0007_alter_validators_add_error_messages','2024-05-27 22:25:12.285588');
INSERT INTO django_migrations VALUES(10,'auth','0008_alter_user_username_max_length','2024-05-27 22:25:12.388269');
INSERT INTO django_migrations VALUES(11,'auth','0009_alter_user_last_name_max_length','2024-05-27 22:25:12.469512');
INSERT INTO django_migrations VALUES(12,'auth','0010_alter_group_name_max_length','2024-05-27 22:25:12.594606');
INSERT INTO django_migrations VALUES(13,'auth','0011_update_proxy_permissions','2024-05-27 22:25:12.700478');
INSERT INTO django_migrations VALUES(14,'auth','0012_alter_user_first_name_max_length','2024-05-27 22:25:12.793913');
INSERT INTO django_migrations VALUES(15,'authentication','0001_initial','2024-05-27 22:25:12.975251');
INSERT INTO django_migrations VALUES(16,'admin','0001_initial','2024-05-27 22:25:13.228991');
INSERT INTO django_migrations VALUES(17,'admin','0002_logentry_remove_auto_add','2024-05-27 22:25:13.391711');
INSERT INTO django_migrations VALUES(18,'admin','0003_logentry_add_action_flag_choices','2024-05-27 22:25:13.535611');
INSERT INTO django_migrations VALUES(19,'sessions','0001_initial','2024-05-27 22:25:13.771297');
INSERT INTO django_migrations VALUES(20,'authentication','0002_user_name_user_phone_number_user_photo_and_more','2024-05-27 22:30:07.408916');
INSERT INTO django_migrations VALUES(21,'park','0001_initial','2024-05-27 22:30:07.689001');
INSERT INTO django_migrations VALUES(22,'park','0002_alter_parkingarea_photo','2024-05-27 22:33:32.715248');
INSERT INTO django_migrations VALUES(23,'park','0003_alter_parkingarea_esp_id_alter_parkingarea_photo','2024-05-27 22:38:43.955047');
INSERT INTO django_migrations VALUES(24,'authentication','0003_alter_user_photo','2024-05-27 22:43:08.144682');
INSERT INTO django_migrations VALUES(25,'authentication','0004_alter_user_photo','2024-05-28 13:45:50.747163');
INSERT INTO django_migrations VALUES(26,'authentication','0005_remove_user_name_alter_user_phone_number','2024-05-30 20:00:15.327759');
INSERT INTO django_migrations VALUES(27,'park','0004_slot_is_booked','2024-06-22 06:03:38.444214');
INSERT INTO django_migrations VALUES(28,'reservation','0001_initial','2024-06-22 06:11:19.494520');
INSERT INTO django_migrations VALUES(29,'park','0005_alter_slot_unique_together','2024-06-22 10:47:49.868343');
INSERT INTO django_migrations VALUES(30,'park','0006_slot_occupied_by','2024-06-26 08:04:15.391625');
INSERT INTO django_migrations VALUES(31,'park','0007_cleaningservice','2024-06-26 15:17:50.796881');
INSERT INTO django_migrations VALUES(32,'park','0008_foundobject','2024-06-26 15:30:22.861794');
INSERT INTO django_migrations VALUES(33,'park','0009_remove_foundobject_found_time_and_more','2024-07-02 10:42:28.614487');
INSERT INTO django_migrations VALUES(34,'park','0010_lostobjectrequest_lostobjectresponse_and_more','2024-07-02 14:29:24.920641');
INSERT INTO django_migrations VALUES(35,'park','0011_alter_lostobjectrequest_date_lost','2024-07-02 14:31:19.448009');
INSERT INTO django_migrations VALUES(36,'park','0012_lostrequest_delete_lostobjectresponse','2024-07-02 15:25:24.804050');
INSERT INTO django_migrations VALUES(37,'park','0013_alter_foundobject_image_alter_lostrequest_photo_and_more','2024-07-02 15:52:35.325594');
INSERT INTO django_migrations VALUES(38,'park','0014_lostrequest_is_responded','2024-07-02 17:13:55.897591');
INSERT INTO django_migrations VALUES(39,'park','0015_alter_foundobject_image_and_more','2024-07-02 20:25:57.539935');
INSERT INTO django_migrations VALUES(40,'park','0016_slot_created_at','2024-07-03 00:44:18.196149');
INSERT INTO django_migrations VALUES(41,'park','0017_alter_parkingarea_location','2024-07-03 00:56:12.092581');
INSERT INTO django_migrations VALUES(42,'park','0018_alter_parkingarea_location','2024-07-03 01:21:11.286404');
INSERT INTO django_migrations VALUES(43,'park','0019_alter_parkingarea_location','2024-07-03 01:22:25.814072');
INSERT INTO django_migrations VALUES(44,'park','0020_parkingarea_share_location','2024-07-03 01:34:59.235537');
INSERT INTO django_migrations VALUES(45,'stats','0001_initial','2024-07-03 20:05:33.120697');
INSERT INTO django_migrations VALUES(46,'stats','0002_message_contact_email','2024-07-03 20:10:17.160580');
INSERT INTO django_migrations VALUES(47,'authentication','0006_user_bio','2024-07-07 11:29:49.610627');
INSERT INTO django_migrations VALUES(48,'park','0021_notifications','2024-07-09 10:31:20.914978');
INSERT INTO django_migrations VALUES(49,'park','0022_delete_notifications','2024-07-09 10:33:20.275856');
INSERT INTO django_migrations VALUES(50,'stats','0003_notifications','2024-07-09 10:33:20.432719');
INSERT INTO django_migrations VALUES(51,'authentication','0007_alter_user_photo','2024-07-09 10:55:01.609261');
INSERT INTO django_migrations VALUES(52,'park','0023_alter_foundobject_image','2024-07-09 10:55:01.889229');
INSERT INTO django_migrations VALUES(53,'stats','0004_alter_notifications_image','2024-07-09 10:55:02.048243');
INSERT INTO django_migrations VALUES(54,'stats','0005_rename_notifications_notification','2024-07-09 10:56:39.457271');
INSERT INTO django_migrations VALUES(55,'park','0024_alter_foundobject_name','2024-07-09 12:16:32.394341');
CREATE TABLE IF NOT EXISTS "django_content_type" ("id" integer NOT NULL PRIMARY KEY AUTOINCREMENT, "app_label" varchar(100) NOT NULL, "model" varchar(100) NOT NULL);
INSERT INTO django_content_type VALUES(1,'admin','logentry');
INSERT INTO django_content_type VALUES(2,'auth','permission');
INSERT INTO django_content_type VALUES(3,'auth','group');
INSERT INTO django_content_type VALUES(4,'contenttypes','contenttype');
INSERT INTO django_content_type VALUES(5,'sessions','session');
INSERT INTO django_content_type VALUES(6,'authentication','user');
INSERT INTO django_content_type VALUES(7,'park','parkingarea');
INSERT INTO django_content_type VALUES(8,'park','platform');
INSERT INTO django_content_type VALUES(9,'park','thecity');
INSERT INTO django_content_type VALUES(10,'park','slot');
INSERT INTO django_content_type VALUES(11,'reservation','reservation');
INSERT INTO django_content_type VALUES(12,'park','cleaningservice');
INSERT INTO django_content_type VALUES(13,'park','foundobject');
INSERT INTO django_content_type VALUES(14,'park','lostobjectresponse');
INSERT INTO django_content_type VALUES(15,'park','lostobjectrequest');
INSERT INTO django_content_type VALUES(16,'park','lostrequest');
INSERT INTO django_content_type VALUES(17,'stats','message_contact');
INSERT INTO django_content_type VALUES(18,'park','notifications');
INSERT INTO django_content_type VALUES(19,'stats','notification');
CREATE TABLE IF NOT EXISTS "auth_group_permissions" ("id" integer NOT NULL PRIMARY KEY AUTOINCREMENT, "group_id" integer NOT NULL REFERENCES "auth_group" ("id") DEFERRABLE INITIALLY DEFERRED, "permission_id" integer NOT NULL REFERENCES "auth_permission" ("id") DEFERRABLE INITIALLY DEFERRED);
INSERT INTO auth_group_permissions VALUES(1,1,45);
INSERT INTO auth_group_permissions VALUES(2,1,46);
INSERT INTO auth_group_permissions VALUES(3,1,47);
INSERT INTO auth_group_permissions VALUES(4,2,48);
INSERT INTO auth_group_permissions VALUES(5,2,49);
INSERT INTO auth_group_permissions VALUES(6,2,50);
INSERT INTO auth_group_permissions VALUES(7,3,50);
INSERT INTO auth_group_permissions VALUES(8,3,51);
INSERT INTO auth_group_permissions VALUES(9,1,52);
INSERT INTO auth_group_permissions VALUES(10,1,56);
INSERT INTO auth_group_permissions VALUES(11,1,57);
INSERT INTO auth_group_permissions VALUES(12,1,60);
INSERT INTO auth_group_permissions VALUES(13,1,53);
INSERT INTO auth_group_permissions VALUES(14,2,56);
INSERT INTO auth_group_permissions VALUES(15,2,57);
INSERT INTO auth_group_permissions VALUES(16,2,60);
INSERT INTO auth_group_permissions VALUES(17,2,53);
INSERT INTO auth_group_permissions VALUES(55,1,59);
INSERT INTO auth_group_permissions VALUES(58,2,59);
CREATE TABLE IF NOT EXISTS "auth_permission" ("id" integer NOT NULL PRIMARY KEY AUTOINCREMENT, "content_type_id" integer NOT NULL REFERENCES "django_content_type" ("id") DEFERRABLE INITIALLY DEFERRED, "codename" varchar(100) NOT NULL, "name" varchar(255) NOT NULL);
INSERT INTO auth_permission VALUES(1,1,'add_logentry','Can add log entry');
INSERT INTO auth_permission VALUES(2,1,'change_logentry','Can change log entry');
INSERT INTO auth_permission VALUES(3,1,'delete_logentry','Can delete log entry');
INSERT INTO auth_permission VALUES(4,1,'view_logentry','Can view log entry');
INSERT INTO auth_permission VALUES(5,2,'add_permission','Can add permission');
INSERT INTO auth_permission VALUES(6,2,'change_permission','Can change permission');
INSERT INTO auth_permission VALUES(7,2,'delete_permission','Can delete permission');
INSERT INTO auth_permission VALUES(8,2,'view_permission','Can view permission');
INSERT INTO auth_permission VALUES(9,3,'add_group','Can add group');
INSERT INTO auth_permission VALUES(10,3,'change_group','Can change group');
INSERT INTO auth_permission VALUES(11,3,'delete_group','Can delete group');
INSERT INTO auth_permission VALUES(12,3,'view_group','Can view group');
INSERT INTO auth_permission VALUES(13,4,'add_contenttype','Can add content type');
INSERT INTO auth_permission VALUES(14,4,'change_contenttype','Can change content type');
INSERT INTO auth_permission VALUES(15,4,'delete_contenttype','Can delete content type');
INSERT INTO auth_permission VALUES(16,4,'view_contenttype','Can view content type');
INSERT INTO auth_permission VALUES(17,5,'add_session','Can add session');
INSERT INTO auth_permission VALUES(18,5,'change_session','Can change session');
INSERT INTO auth_permission VALUES(19,5,'delete_session','Can delete session');
INSERT INTO auth_permission VALUES(20,5,'view_session','Can view session');
INSERT INTO auth_permission VALUES(21,6,'add_user','Can add user');
INSERT INTO auth_permission VALUES(22,6,'change_user','Can change user');
INSERT INTO auth_permission VALUES(23,6,'delete_user','Can delete user');
INSERT INTO auth_permission VALUES(24,6,'view_user','Can view user');
INSERT INTO auth_permission VALUES(25,7,'add_parkingarea','Can add parking area');
INSERT INTO auth_permission VALUES(26,7,'change_parkingarea','Can change parking area');
INSERT INTO auth_permission VALUES(27,7,'delete_parkingarea','Can delete parking area');
INSERT INTO auth_permission VALUES(28,7,'view_parkingarea','Can view parking area');
INSERT INTO auth_permission VALUES(29,8,'add_platform','Can add platform');
INSERT INTO auth_permission VALUES(30,8,'change_platform','Can change platform');
INSERT INTO auth_permission VALUES(31,8,'delete_platform','Can delete platform');
INSERT INTO auth_permission VALUES(32,8,'view_platform','Can view platform');
INSERT INTO auth_permission VALUES(33,9,'add_thecity','Can add the city');
INSERT INTO auth_permission VALUES(34,9,'change_thecity','Can change the city');
INSERT INTO auth_permission VALUES(35,9,'delete_thecity','Can delete the city');
INSERT INTO auth_permission VALUES(36,9,'view_thecity','Can view the city');
INSERT INTO auth_permission VALUES(37,10,'add_slot','Can add slot');
INSERT INTO auth_permission VALUES(38,10,'change_slot','Can change slot');
INSERT INTO auth_permission VALUES(39,10,'delete_slot','Can delete slot');
INSERT INTO auth_permission VALUES(40,10,'view_slot','Can view slot');
INSERT INTO auth_permission VALUES(41,11,'add_reservation','Can add reservation');
INSERT INTO auth_permission VALUES(42,11,'change_reservation','Can change reservation');
INSERT INTO auth_permission VALUES(43,11,'delete_reservation','Can delete reservation');
INSERT INTO auth_permission VALUES(44,11,'view_reservation','Can view reservation');
INSERT INTO auth_permission VALUES(45,6,'view_all_statistics','Can view all statistics');
INSERT INTO auth_permission VALUES(46,6,'manage_users','Can manage users');
INSERT INTO auth_permission VALUES(47,6,'manage_permissions','Can manage permissions');
INSERT INTO auth_permission VALUES(48,6,'view_parking_statistics','Can view parking statistics');
INSERT INTO auth_permission VALUES(49,6,'manage_parking_slots','Can manage parking slots');
INSERT INTO auth_permission VALUES(50,6,'view_lost_and_found','Can view lost and found');
INSERT INTO auth_permission VALUES(51,6,'reserve_slots','Can reserve slots');
INSERT INTO auth_permission VALUES(52,11,'view_global_statistics','Can view global statistics');
INSERT INTO auth_permission VALUES(53,12,'add_cleaningservice','Can add cleaning service');
INSERT INTO auth_permission VALUES(54,12,'change_cleaningservice','Can change cleaning service');
INSERT INTO auth_permission VALUES(55,12,'delete_cleaningservice','Can delete cleaning service');
INSERT INTO auth_permission VALUES(56,12,'view_cleaningservice','Can view cleaning service');
INSERT INTO auth_permission VALUES(57,13,'add_foundobject','Can add found object');
INSERT INTO auth_permission VALUES(58,13,'change_foundobject','Can change found object');
INSERT INTO auth_permission VALUES(59,13,'delete_foundobject','Can delete found object');
INSERT INTO auth_permission VALUES(60,13,'view_foundobject','Can view found object');
INSERT INTO auth_permission VALUES(61,14,'add_lostobjectresponse','Can add lost object response');
INSERT INTO auth_permission VALUES(62,14,'change_lostobjectresponse','Can change lost object response');
INSERT INTO auth_permission VALUES(63,14,'delete_lostobjectresponse','Can delete lost object response');
INSERT INTO auth_permission VALUES(64,14,'view_lostobjectresponse','Can view lost object response');
INSERT INTO auth_permission VALUES(65,15,'add_lostobjectrequest','Can add lost object request');
INSERT INTO auth_permission VALUES(66,15,'change_lostobjectrequest','Can change lost object request');
INSERT INTO auth_permission VALUES(67,15,'delete_lostobjectrequest','Can delete lost object request');
INSERT INTO auth_permission VALUES(68,15,'view_lostobjectrequest','Can view lost object request');
INSERT INTO auth_permission VALUES(69,16,'add_lostrequest','Can add lost request');
INSERT INTO auth_permission VALUES(70,16,'change_lostrequest','Can change lost request');
INSERT INTO auth_permission VALUES(71,16,'delete_lostrequest','Can delete lost request');
INSERT INTO auth_permission VALUES(72,16,'view_lostrequest','Can view lost request');
INSERT INTO auth_permission VALUES(73,17,'add_message_contact','Can add message_ contact');
INSERT INTO auth_permission VALUES(74,17,'change_message_contact','Can change message_ contact');
INSERT INTO auth_permission VALUES(75,17,'delete_message_contact','Can delete message_ contact');
INSERT INTO auth_permission VALUES(76,17,'view_message_contact','Can view message_ contact');
INSERT INTO auth_permission VALUES(77,18,'add_notifications','Can add notifications');
INSERT INTO auth_permission VALUES(78,18,'change_notifications','Can change notifications');
INSERT INTO auth_permission VALUES(79,18,'delete_notifications','Can delete notifications');
INSERT INTO auth_permission VALUES(80,18,'view_notifications','Can view notifications');
INSERT INTO auth_permission VALUES(81,19,'add_notifications','Can add notifications');
INSERT INTO auth_permission VALUES(82,19,'change_notifications','Can change notifications');
INSERT INTO auth_permission VALUES(83,19,'delete_notifications','Can delete notifications');
INSERT INTO auth_permission VALUES(84,19,'view_notifications','Can view notifications');
INSERT INTO auth_permission VALUES(85,19,'add_notification','Can add notification');
INSERT INTO auth_permission VALUES(86,19,'change_notification','Can change notification');
INSERT INTO auth_permission VALUES(87,19,'delete_notification','Can delete notification');
INSERT INTO auth_permission VALUES(88,19,'view_notification','Can view notification');
CREATE TABLE IF NOT EXISTS "auth_group" ("id" integer NOT NULL PRIMARY KEY AUTOINCREMENT, "name" varchar(150) NOT NULL UNIQUE);
INSERT INTO auth_group VALUES(1,'SuperAdmin');
INSERT INTO auth_group VALUES(2,'ParkingManager');
INSERT INTO auth_group VALUES(3,'User');
CREATE TABLE IF NOT EXISTS "authentication_user_groups" ("id" integer NOT NULL PRIMARY KEY AUTOINCREMENT, "user_id" bigint NOT NULL REFERENCES "authentication_user" ("id") DEFERRABLE INITIALLY DEFERRED, "group_id" integer NOT NULL REFERENCES "auth_group" ("id") DEFERRABLE INITIALLY DEFERRED);
INSERT INTO authentication_user_groups VALUES(12,7,2);
INSERT INTO authentication_user_groups VALUES(14,13,3);
INSERT INTO authentication_user_groups VALUES(15,14,3);
INSERT INTO authentication_user_groups VALUES(17,1,2);
CREATE TABLE IF NOT EXISTS "authentication_user_user_permissions" ("id" integer NOT NULL PRIMARY KEY AUTOINCREMENT, "user_id" bigint NOT NULL REFERENCES "authentication_user" ("id") DEFERRABLE INITIALLY DEFERRED, "permission_id" integer NOT NULL REFERENCES "auth_permission" ("id") DEFERRABLE INITIALLY DEFERRED);
CREATE TABLE IF NOT EXISTS "django_admin_log" ("id" integer NOT NULL PRIMARY KEY AUTOINCREMENT, "object_id" text NULL, "object_repr" varchar(200) NOT NULL, "action_flag" smallint unsigned NOT NULL CHECK ("action_flag" >= 0), "change_message" text NOT NULL, "content_type_id" integer NULL REFERENCES "django_content_type" ("id") DEFERRABLE INITIALLY DEFERRED, "user_id" bigint NOT NULL REFERENCES "authentication_user" ("id") DEFERRABLE INITIALLY DEFERRED, "action_time" datetime NOT NULL);
INSERT INTO django_admin_log VALUES(1,'1','Platfom',2,'[{"changed": {"fields": ["Phone number", "Photo", "Name"]}}]',6,1,'2024-05-28 13:44:32.613237');
INSERT INTO django_admin_log VALUES(2,'1','Platfom',2,'[{"changed": {"fields": ["Photo"]}}]',6,1,'2024-05-28 15:08:40.358774');
INSERT INTO django_admin_log VALUES(3,'1','KIGALI',1,'[{"added": {}}]',9,1,'2024-05-28 16:22:30.310814');
INSERT INTO django_admin_log VALUES(4,'1','Romy Parking',1,'[{"added": {}}]',7,1,'2024-05-28 16:23:19.230097');
INSERT INTO django_admin_log VALUES(5,'2','Cito Parking',1,'[{"added": {}}]',7,1,'2024-05-28 16:25:42.101534');
INSERT INTO django_admin_log VALUES(6,'2','Cito Parking',3,'',7,1,'2024-05-28 16:26:23.632746');
INSERT INTO django_admin_log VALUES(7,'1','Romy Parking',3,'',7,1,'2024-05-28 16:26:23.759437');
INSERT INTO django_admin_log VALUES(8,'1','KIGALI',3,'',9,1,'2024-05-28 16:26:37.724842');
INSERT INTO django_admin_log VALUES(9,'2','patrickkaz96@gmail.com',3,'',6,1,'2024-05-30 09:56:08.168954');
INSERT INTO django_admin_log VALUES(10,'4','mwimukaromy@gmail.com',3,'',6,1,'2024-05-30 10:13:32.179207');
INSERT INTO django_admin_log VALUES(11,'6','armandcito@gmail.com',2,'[{"changed": {"fields": ["First name", "Phone number"]}}]',6,1,'2024-05-30 19:57:49.702006');
INSERT INTO django_admin_log VALUES(12,'3','Cito Parking',1,'[{"added": {}}]',7,1,'2024-05-31 15:39:05.046963');
INSERT INTO django_admin_log VALUES(13,'2','kg',1,'[{"added": {}}]',9,1,'2024-06-22 06:48:51.305633');
INSERT INTO django_admin_log VALUES(14,'1','1',1,'[{"added": {}}]',10,1,'2024-06-22 06:49:17.713394');
INSERT INTO django_admin_log VALUES(15,'2','2',1,'[{"added": {}}]',10,1,'2024-06-22 06:49:36.434688');
INSERT INTO django_admin_log VALUES(16,'3','3',1,'[{"added": {}}]',10,1,'2024-06-22 06:49:52.817098');
INSERT INTO django_admin_log VALUES(17,'4','4',1,'[{"added": {}}]',10,1,'2024-06-22 06:50:11.782674');
INSERT INTO django_admin_log VALUES(18,'5','5',1,'[{"added": {}}]',10,1,'2024-06-22 06:50:23.327119');
INSERT INTO django_admin_log VALUES(19,'6','6',1,'[{"added": {}}]',10,1,'2024-06-22 06:50:35.036430');
INSERT INTO django_admin_log VALUES(20,'7','7',1,'[{"added": {}}]',10,1,'2024-06-22 06:50:58.840385');
INSERT INTO django_admin_log VALUES(21,'8','8',1,'[{"added": {}}]',10,1,'2024-06-22 06:51:12.785798');
INSERT INTO django_admin_log VALUES(22,'9','9',1,'[{"added": {}}]',10,1,'2024-06-22 06:51:19.879743');
INSERT INTO django_admin_log VALUES(23,'10','10',1,'[{"added": {}}]',10,1,'2024-06-22 06:51:34.992175');
INSERT INTO django_admin_log VALUES(24,'3','Cito Parking',2,'[{"changed": {"fields": ["City"]}}]',7,1,'2024-06-22 07:05:40.907328');
INSERT INTO django_admin_log VALUES(25,'3','Cito Parking',2,'[{"changed": {"fields": ["Slots", "Occupancy"]}}]',7,1,'2024-06-22 08:19:17.100866');
INSERT INTO django_admin_log VALUES(26,'6','armandcito@gmail.com',3,'',6,1,'2024-06-22 08:56:57.043941');
INSERT INTO django_admin_log VALUES(27,'7','armandcito@gmail.com',2,'[{"changed": {"fields": ["Active"]}}]',6,1,'2024-06-22 08:59:51.116004');
INSERT INTO django_admin_log VALUES(28,'10','10',2,'[{"changed": {"fields": ["Status", "Is booked"]}}]',10,1,'2024-06-22 10:34:03.473841');
INSERT INTO django_admin_log VALUES(29,'9','9',2,'[{"changed": {"fields": ["Is booked"]}}]',10,1,'2024-06-22 10:34:33.983561');
INSERT INTO django_admin_log VALUES(30,'9','9',2,'[]',10,1,'2024-06-22 10:35:01.825459');
INSERT INTO django_admin_log VALUES(31,'8','8',2,'[{"changed": {"fields": ["Is booked"]}}]',10,1,'2024-06-22 10:35:07.170555');
INSERT INTO django_admin_log VALUES(32,'7','7',2,'[{"changed": {"fields": ["Is booked"]}}]',10,1,'2024-06-22 10:35:11.897869');
INSERT INTO django_admin_log VALUES(33,'7','7',2,'[{"changed": {"fields": ["Status"]}}]',10,1,'2024-06-22 10:35:23.381130');
INSERT INTO django_admin_log VALUES(34,'8','8',2,'[{"changed": {"fields": ["Status"]}}]',10,1,'2024-06-22 10:35:27.241766');
INSERT INTO django_admin_log VALUES(35,'6','6',2,'[{"changed": {"fields": ["Status", "Is booked"]}}]',10,1,'2024-06-22 10:35:32.895428');
INSERT INTO django_admin_log VALUES(36,'5','5',2,'[{"changed": {"fields": ["Status"]}}]',10,1,'2024-06-22 10:35:38.595350');
INSERT INTO django_admin_log VALUES(37,'3','Bukavu',1,'[{"added": {}}]',9,1,'2024-06-22 10:41:56.348351');
INSERT INTO django_admin_log VALUES(38,'4','bk',1,'[{"added": {}}]',7,1,'2024-06-22 10:42:31.486502');
INSERT INTO django_admin_log VALUES(39,'11','1',1,'[{"added": {}}]',10,1,'2024-06-22 10:43:22.370351');
INSERT INTO django_admin_log VALUES(40,'1','1',3,'',10,1,'2024-06-22 10:45:48.721693');
INSERT INTO django_admin_log VALUES(41,'11','1',2,'[]',10,1,'2024-06-22 10:48:04.143110');
INSERT INTO django_admin_log VALUES(42,'12','1',1,'[{"added": {}}]',10,1,'2024-06-22 10:51:22.496224');
INSERT INTO django_admin_log VALUES(43,'12','1',2,'[]',10,1,'2024-06-22 10:51:31.720330');
INSERT INTO django_admin_log VALUES(44,'13','2',1,'[{"added": {}}]',10,1,'2024-06-22 10:51:47.114671');
INSERT INTO django_admin_log VALUES(45,'14','3',1,'[{"added": {}}]',10,1,'2024-06-22 10:51:59.643938');
INSERT INTO django_admin_log VALUES(46,'15','4',1,'[{"added": {}}]',10,1,'2024-06-22 10:52:19.138541');
INSERT INTO django_admin_log VALUES(47,'8','8',2,'[{"changed": {"fields": ["Is booked"]}}]',10,1,'2024-06-22 12:29:21.699500');
INSERT INTO django_admin_log VALUES(48,'10','10',2,'[{"changed": {"fields": ["Is booked"]}}]',10,1,'2024-06-22 12:45:56.937584');
INSERT INTO django_admin_log VALUES(49,'9','9',2,'[{"changed": {"fields": ["Status"]}}]',10,1,'2024-06-22 12:53:01.248013');
INSERT INTO django_admin_log VALUES(50,'5','5',2,'[{"changed": {"fields": ["Status", "Is booked"]}}]',10,1,'2024-06-22 12:53:12.122594');
INSERT INTO django_admin_log VALUES(51,'14','3',2,'[{"changed": {"fields": ["Status", "Is booked"]}}]',10,1,'2024-06-26 12:40:12.861440');
INSERT INTO django_admin_log VALUES(52,'10','10',2,'[]',10,1,'2024-06-26 12:41:05.273261');
INSERT INTO django_admin_log VALUES(53,'2','2',2,'[{"changed": {"fields": ["Status", "Is booked"]}}]',10,1,'2024-06-26 12:41:30.834775');
INSERT INTO django_admin_log VALUES(54,'4','4',2,'[{"changed": {"fields": ["Status"]}}]',10,1,'2024-06-26 12:41:48.511662');
INSERT INTO django_admin_log VALUES(55,'15','4',2,'[{"changed": {"fields": ["Status"]}}]',10,1,'2024-06-26 12:51:40.200326');
INSERT INTO django_admin_log VALUES(56,'12','1',2,'[{"changed": {"fields": ["Status", "Is booked"]}}]',10,1,'2024-06-26 12:51:48.097183');
INSERT INTO django_admin_log VALUES(57,'11','1',2,'[{"changed": {"fields": ["Is booked"]}}]',10,1,'2024-06-26 12:51:54.850701');
INSERT INTO django_admin_log VALUES(58,'15','4',2,'[{"changed": {"fields": ["Status"]}}]',10,1,'2024-06-26 14:47:58.561663');
INSERT INTO django_admin_log VALUES(59,'14','3',2,'[{"changed": {"fields": ["Status"]}}]',10,1,'2024-06-26 14:48:05.478779');
INSERT INTO django_admin_log VALUES(60,'13','2',2,'[{"changed": {"fields": ["Status"]}}]',10,1,'2024-06-26 14:48:09.496381');
INSERT INTO django_admin_log VALUES(61,'8','arno@gmail.com',1,'[{"added": {}}]',6,1,'2024-06-26 16:13:14.660632');
INSERT INTO django_admin_log VALUES(62,'8','arno@gmail.com',3,'',6,1,'2024-06-26 16:20:49.565124');
INSERT INTO django_admin_log VALUES(63,'3','Cito Parking',2,'[]',7,1,'2024-06-26 16:24:21.368545');
INSERT INTO django_admin_log VALUES(64,'4','Goma',1,'[{"added": {}}]',9,1,'2024-06-26 17:51:46.164333');
INSERT INTO django_admin_log VALUES(65,'5','ciku parking',1,'[{"added": {}}]',7,1,'2024-06-26 17:52:20.749325');
INSERT INTO django_admin_log VALUES(66,'5','ciku parking',2,'[{"changed": {"fields": ["Slots", "Occupancy"]}}]',7,1,'2024-06-26 17:54:28.644862');
INSERT INTO django_admin_log VALUES(67,'7','armandcito@gmail.com',2,'[{"changed": {"fields": ["Groups"]}}]',6,1,'2024-06-26 18:25:10.083481');
INSERT INTO django_admin_log VALUES(68,'6','ciza parking',1,'[{"added": {}}]',7,1,'2024-06-26 18:30:36.574376');
INSERT INTO django_admin_log VALUES(69,'3','patrickkaz96@gmail.com',2,'[{"changed": {"fields": ["Groups", "Phone number"]}}]',6,1,'2024-06-26 18:40:34.178307');
INSERT INTO django_admin_log VALUES(70,'6','ciza parking',2,'[{"changed": {"fields": ["Photo"]}}]',7,1,'2024-06-30 23:08:28.950266');
INSERT INTO django_admin_log VALUES(71,'5','ciku parking',2,'[{"changed": {"fields": ["Photo"]}}]',7,1,'2024-06-30 23:08:43.912777');
INSERT INTO django_admin_log VALUES(72,'4','bk',2,'[{"changed": {"fields": ["Photo"]}}]',7,1,'2024-06-30 23:08:58.731018');
INSERT INTO django_admin_log VALUES(73,'3','Cito Parking',2,'[{"changed": {"fields": ["Photo"]}}]',7,1,'2024-06-30 23:09:19.998561');
INSERT INTO django_admin_log VALUES(74,'5','Kinshasa',1,'[{"added": {}}]',9,1,'2024-06-30 23:09:57.159748');
INSERT INTO django_admin_log VALUES(75,'7','Kinshasa Parking',1,'[{"added": {}}]',7,1,'2024-06-30 23:10:36.542777');
INSERT INTO django_admin_log VALUES(76,'8','Burundi',1,'[{"added": {}}]',7,1,'2024-06-30 23:12:19.921356');
INSERT INTO django_admin_log VALUES(77,'5','ciku parking',2,'[{"changed": {"fields": ["Slots", "Occupancy"]}}]',7,1,'2024-06-30 23:38:16.135840');
INSERT INTO django_admin_log VALUES(78,'2','KIGALI',2,'[{"changed": {"fields": ["Name"]}}]',9,1,'2024-06-30 23:51:58.075415');
INSERT INTO django_admin_log VALUES(79,'3','BUKAVU',2,'[{"changed": {"fields": ["Name"]}}]',9,1,'2024-06-30 23:52:06.738384');
INSERT INTO django_admin_log VALUES(80,'4','GOMA',2,'[{"changed": {"fields": ["Name"]}}]',9,1,'2024-06-30 23:52:11.909828');
INSERT INTO django_admin_log VALUES(81,'5','KINSHASA',2,'[{"changed": {"fields": ["Name"]}}]',9,1,'2024-06-30 23:52:19.793714');
INSERT INTO django_admin_log VALUES(82,'4','Cathedrale Parking',2,'[{"changed": {"fields": ["Name"]}}]',7,1,'2024-06-30 23:52:57.240944');
INSERT INTO django_admin_log VALUES(83,'3','Chic Downtown Parking',2,'[{"changed": {"fields": ["Name", "Location", "Photo"]}}]',7,1,'2024-06-30 23:54:05.277539');
INSERT INTO django_admin_log VALUES(84,'4','Cathedrale Notre Dame Parking',2,'[{"changed": {"fields": ["Name", "Location", "Photo"]}}]',7,1,'2024-06-30 23:55:12.208098');
INSERT INTO django_admin_log VALUES(85,'5','Maison Parlementire',2,'[{"changed": {"fields": ["Name", "Location"]}}]',7,1,'2024-06-30 23:56:31.200149');
INSERT INTO django_admin_log VALUES(86,'5','Mairie de Goma',2,'[{"changed": {"fields": ["Name"]}}]',7,1,'2024-06-30 23:56:47.328770');
INSERT INTO django_admin_log VALUES(87,'6','Saint Francois Xavier',2,'[{"changed": {"fields": ["Name", "Location"]}}]',7,1,'2024-06-30 23:57:56.654022');
INSERT INTO django_admin_log VALUES(88,'7','Kinshasa Parking',2,'[{"changed": {"fields": ["Location"]}}]',7,1,'2024-06-30 23:58:19.808897');
INSERT INTO django_admin_log VALUES(89,'8','Gouvernorat Bukavu',2,'[{"changed": {"fields": ["Name", "Location"]}}]',7,1,'2024-06-30 23:59:18.969791');
INSERT INTO django_admin_log VALUES(90,'9','essai@gmail.com',2,'[{"changed": {"fields": ["Groups"]}}]',6,1,'2024-07-02 11:23:21.398616');
INSERT INTO django_admin_log VALUES(91,'9','essai@gmail.com',2,'[{"changed": {"fields": ["Groups"]}}]',6,1,'2024-07-02 11:25:52.700794');
INSERT INTO django_admin_log VALUES(92,'9','essai@gmail.com',2,'[{"changed": {"fields": ["Active"]}}]',6,1,'2024-07-02 11:29:13.947465');
INSERT INTO django_admin_log VALUES(93,'7','armandcito@gmail.com',2,'[{"changed": {"fields": ["Groups"]}}]',6,1,'2024-07-02 11:30:55.075925');
INSERT INTO django_admin_log VALUES(94,'7','armandcito@gmail.com',2,'[{"changed": {"fields": ["Last login", "Groups"]}}]',6,1,'2024-07-02 11:55:41.443883');
INSERT INTO django_admin_log VALUES(95,'7','armandcito@gmail.com',2,'[{"changed": {"fields": ["Groups"]}}]',6,1,'2024-07-02 12:56:39.461346');
INSERT INTO django_admin_log VALUES(96,'7','armandcito@gmail.com',2,'[{"changed": {"fields": ["Groups"]}}]',6,1,'2024-07-02 13:23:10.984636');
INSERT INTO django_admin_log VALUES(97,'7','armandcito@gmail.com',2,'[{"changed": {"fields": ["Groups"]}}]',6,1,'2024-07-02 14:59:30.407019');
INSERT INTO django_admin_log VALUES(98,'7','armandcito@gmail.com',2,'[{"changed": {"fields": ["Groups"]}}]',6,1,'2024-07-02 15:03:01.250370');
INSERT INTO django_admin_log VALUES(99,'4','Found Object at Mairie de Goma - nm,',2,'[{"changed": {"fields": ["Image"]}}]',13,1,'2024-07-02 15:48:49.621223');
INSERT INTO django_admin_log VALUES(100,'5','Found Object at Mairie de Goma - nm,',3,'',13,1,'2024-07-02 15:49:01.875076');
INSERT INTO django_admin_log VALUES(101,'4','Found Object at Mairie de Goma - nm,',3,'',13,1,'2024-07-02 15:49:01.988383');
INSERT INTO django_admin_log VALUES(102,'3','Found Object at Mairie de Goma - nm,',3,'',13,1,'2024-07-02 15:49:02.097061');
INSERT INTO django_admin_log VALUES(103,'7','Found Object at Mairie de Goma - cwjlfdklkldm',2,'[{"changed": {"fields": ["Image"]}}]',13,1,'2024-07-02 16:30:30.526636');
INSERT INTO django_admin_log VALUES(104,'6','Found Object at Saint Francois Xavier - asdhfvesbldnkc',2,'[{"changed": {"fields": ["Image"]}}]',13,1,'2024-07-02 16:30:39.194684');
INSERT INTO django_admin_log VALUES(105,'9','Found Object at Mairie de Goma - jjjlk',2,'[{"changed": {"fields": ["Image"]}}]',13,1,'2024-07-02 16:42:35.046435');
INSERT INTO django_admin_log VALUES(106,'8','Found Object at Mairie de Goma - jjjlk',2,'[{"changed": {"fields": ["Image"]}}]',13,1,'2024-07-02 16:42:52.656543');
INSERT INTO django_admin_log VALUES(107,'10','Found Object at Mairie de Goma - tenlrsekmlwqqqq',2,'[{"changed": {"fields": ["Image"]}}]',13,1,'2024-07-02 16:47:37.427288');
INSERT INTO django_admin_log VALUES(108,'7','armandcito@gmail.com',2,'[{"changed": {"fields": ["Groups"]}}]',6,1,'2024-07-02 17:25:22.836995');
INSERT INTO django_admin_log VALUES(109,'7','armandcito@gmail.com',2,'[{"changed": {"fields": ["Groups"]}}]',6,1,'2024-07-02 17:26:00.317549');
INSERT INTO django_admin_log VALUES(110,'2','LostRequest from armandcito@gmail.com at Chic Downtown Parking on 2024-07-09',3,'',16,1,'2024-07-02 18:45:17.079122');
INSERT INTO django_admin_log VALUES(111,'1','LostRequest from armandcito@gmail.com at Cathedrale Notre Dame Parking on 2024-05-16',3,'',16,1,'2024-07-02 18:45:17.185254');
INSERT INTO django_admin_log VALUES(112,'11','jeanbaptistetchidy@gmail.com',3,'',6,1,'2024-07-02 19:28:21.290557');
INSERT INTO django_admin_log VALUES(113,'10','arn@gmail.com',3,'',6,1,'2024-07-02 19:28:21.401293');
INSERT INTO django_admin_log VALUES(114,'9','essai@gmail.com',3,'',6,1,'2024-07-02 19:28:21.537163');
INSERT INTO django_admin_log VALUES(115,'5','mwimukaromy@gmail.com',3,'',6,1,'2024-07-02 19:28:21.661324');
INSERT INTO django_admin_log VALUES(116,'3','patrickkaz96@gmail.com',3,'',6,1,'2024-07-02 19:28:21.785768');
INSERT INTO django_admin_log VALUES(117,'7','armandcito@gmail.com',2,'[]',6,1,'2024-07-02 19:35:07.572342');
INSERT INTO django_admin_log VALUES(118,'1','Platfom',2,'[]',6,1,'2024-07-02 19:35:17.596266');
INSERT INTO django_admin_log VALUES(119,'12','arnold@gmail.com',1,'[{"added": {}}]',6,1,'2024-07-02 19:43:44.765885');
INSERT INTO django_admin_log VALUES(120,'12','arnold@gmail.com',3,'',6,1,'2024-07-02 19:51:02.432824');
INSERT INTO django_admin_log VALUES(121,'13','arno@gmail.com',2,'[{"changed": {"fields": ["Active"]}}]',6,1,'2024-07-02 19:51:12.007677');
INSERT INTO django_admin_log VALUES(122,'13','arno@gmail.com',2,'[{"changed": {"fields": ["Groups"]}}]',6,1,'2024-07-02 20:04:20.860320');
INSERT INTO django_admin_log VALUES(123,'14','ciku@gmail.com',2,'[{"changed": {"fields": ["Groups", "Active"]}}]',6,1,'2024-07-02 20:05:56.765631');
INSERT INTO django_admin_log VALUES(124,'13','Found Object at Chic Downtown Parking - phone perdu',2,'[{"changed": {"fields": ["Image"]}}]',13,1,'2024-07-02 20:16:38.775736');
INSERT INTO django_admin_log VALUES(125,'15','Found Object at Mairie de Goma - phone2',3,'',13,1,'2024-07-02 20:26:13.929650');
INSERT INTO django_admin_log VALUES(126,'14','Found Object at Mairie de Goma - phone2',3,'',13,1,'2024-07-02 20:26:14.056631');
INSERT INTO django_admin_log VALUES(127,'13','Found Object at Chic Downtown Parking - phone perdu',3,'',13,1,'2024-07-02 20:26:14.145384');
INSERT INTO django_admin_log VALUES(128,'17','Found Object at Chic Downtown Parking - iaflbnjew',3,'',13,1,'2024-07-02 20:47:02.018526');
INSERT INTO django_admin_log VALUES(129,'18','Found Object at Chic Downtown Parking - .brjwvnkdsk',3,'',13,1,'2024-07-02 20:48:46.683131');
INSERT INTO django_admin_log VALUES(130,'3','LostRequest from ciku@gmail.com at Cathedrale Notre Dame Parking on 2024-06-30',3,'',16,1,'2024-07-02 20:55:06.851707');
INSERT INTO django_admin_log VALUES(131,'19','Found Object at Chic Downtown Parking - .brjwvnkdsk',3,'',13,1,'2024-07-02 20:55:29.036908');
INSERT INTO django_admin_log VALUES(132,'4','LostRequest from ciku@gmail.com at Chic Downtown Parking on 2024-06-30',3,'',16,1,'2024-07-02 21:29:35.429196');
INSERT INTO django_admin_log VALUES(133,'20','Found Object at Mairie de Goma - wrbjovnskm',3,'',13,1,'2024-07-02 21:42:17.729122');
INSERT INTO django_admin_log VALUES(134,'9','Premier parking essai',1,'[{"added": {}}]',7,1,'2024-07-02 23:23:00.060229');
INSERT INTO django_admin_log VALUES(135,'6','Saint Francois Xavier',3,'',7,1,'2024-07-03 00:27:29.841537');
INSERT INTO django_admin_log VALUES(136,'3','Chic Downtown Parking',2,'[{"changed": {"fields": ["Location"]}}]',7,1,'2024-07-03 01:06:34.076111');
INSERT INTO django_admin_log VALUES(137,'9','Premier parking essai',2,'[{"changed": {"fields": ["Location"]}}]',7,1,'2024-07-03 01:06:45.612759');
INSERT INTO django_admin_log VALUES(138,'8','Gouvernorat Bukavu',2,'[{"changed": {"fields": ["Location"]}}]',7,1,'2024-07-03 01:07:41.929518');
INSERT INTO django_admin_log VALUES(139,'7','Kinshasa Parking',2,'[{"changed": {"fields": ["Location", "Slots", "Occupancy"]}}]',7,1,'2024-07-03 01:08:19.831078');
INSERT INTO django_admin_log VALUES(140,'5','Mairie de Goma',2,'[{"changed": {"fields": ["Location"]}}]',7,1,'2024-07-03 01:08:28.793791');
INSERT INTO django_admin_log VALUES(141,'4','Cathedrale Notre Dame Parking',2,'[{"changed": {"fields": ["Location", "Slots", "Occupancy"]}}]',7,1,'2024-07-03 01:09:55.117418');
INSERT INTO django_admin_log VALUES(142,'4','Cathedrale Notre Dame Parking',2,'[]',7,1,'2024-07-03 01:09:55.357827');
INSERT INTO django_admin_log VALUES(143,'9','Premier parking essai',2,'[{"changed": {"fields": ["Location"]}}]',7,1,'2024-07-03 01:12:08.174819');
INSERT INTO django_admin_log VALUES(144,'3','Chic Downtown Parking',2,'[{"changed": {"fields": ["Location"]}}]',7,1,'2024-07-03 01:12:17.242454');
INSERT INTO django_admin_log VALUES(145,'9','Premier parking essai',2,'[]',7,1,'2024-07-03 01:13:29.309568');
INSERT INTO django_admin_log VALUES(146,'3','Chic Downtown Parking',2,'[]',7,1,'2024-07-03 01:13:41.650885');
INSERT INTO django_admin_log VALUES(147,'4','Cathedrale Notre Dame Parking',2,'[{"changed": {"fields": ["Location"]}}]',7,1,'2024-07-03 01:22:39.419156');
INSERT INTO django_admin_log VALUES(148,'4','Cathedrale Notre Dame Parking',2,'[{"changed": {"fields": ["Location"]}}]',7,1,'2024-07-03 01:23:18.072898');
INSERT INTO django_admin_log VALUES(149,'4','Cathedrale Notre Dame Parking',2,'[]',7,1,'2024-07-03 01:24:51.170019');
INSERT INTO django_admin_log VALUES(150,'5','Mairie de Goma',2,'[{"changed": {"fields": ["Location"]}}]',7,1,'2024-07-03 01:25:07.090232');
INSERT INTO django_admin_log VALUES(151,'7','Kinshasa Parking',2,'[{"changed": {"fields": ["Location"]}}]',7,1,'2024-07-03 01:25:17.011034');
INSERT INTO django_admin_log VALUES(152,'3','Chic Downtown Parking',2,'[{"changed": {"fields": ["Location"]}}]',7,1,'2024-07-03 01:28:33.393791');
INSERT INTO django_admin_log VALUES(153,'9','Premier parking essai',2,'[{"changed": {"fields": ["Location"]}}]',7,1,'2024-07-03 01:28:46.545665');
INSERT INTO django_admin_log VALUES(154,'9','Premier parking essai',2,'[{"changed": {"fields": ["Share location"]}}]',7,1,'2024-07-03 01:36:15.942830');
INSERT INTO django_admin_log VALUES(155,'3','Chic Downtown Parking',2,'[{"changed": {"fields": ["Share location"]}}]',7,1,'2024-07-03 01:36:32.812706');
INSERT INTO django_admin_log VALUES(156,'5','Mairie de Goma',2,'[{"changed": {"fields": ["Share location"]}}]',7,1,'2024-07-03 01:37:20.469415');
INSERT INTO django_admin_log VALUES(157,'8','Gouvernorat Bukavu',2,'[{"changed": {"fields": ["Share location", "Slots", "Occupancy"]}}]',7,1,'2024-07-03 01:37:49.368876');
INSERT INTO django_admin_log VALUES(158,'4','Cathedrale Notre Dame Parking',2,'[{"changed": {"fields": ["Share location"]}}]',7,1,'2024-07-03 01:37:58.560940');
INSERT INTO django_admin_log VALUES(159,'5','Mairie de Goma',2,'[]',7,1,'2024-07-03 01:40:10.079605');
INSERT INTO django_admin_log VALUES(160,'9','Premier parking essai',2,'[{"changed": {"fields": ["Share location"]}}]',7,1,'2024-07-03 01:43:43.589965');
INSERT INTO django_admin_log VALUES(161,'3','Chic Downtown Parking',2,'[]',7,1,'2024-07-03 01:43:59.222495');
INSERT INTO django_admin_log VALUES(162,'4','Cathedrale Notre Dame Parking',2,'[{"changed": {"fields": ["Share location"]}}]',7,1,'2024-07-03 01:44:58.092803');
INSERT INTO django_admin_log VALUES(163,'7','Kinshasa Parking',2,'[{"changed": {"fields": ["Share location"]}}]',7,1,'2024-07-03 01:45:09.527463');
INSERT INTO django_admin_log VALUES(164,'10','Nouvel Essai',1,'[{"added": {}}]',7,1,'2024-07-03 17:23:26.415088');
INSERT INTO django_admin_log VALUES(165,'2',replace('A message from Nnnn\n Whose Email address is mmm@fm :\n\n mmmm \n\n On the exact date 2024-07-04 08:43:33.549267+00:00 ','\n',char(10)),3,'',17,1,'2024-07-04 08:44:56.621543');
INSERT INTO django_admin_log VALUES(166,'1',replace('A message from Moi tpoi\n Whose Email address is armandcito@gmail.com :\n\n nnnnnnnnnnnnnnnnnnnnnnnnnnnn \n\n On the exact date 2024-07-04 08:42:46.449140+00:00 ','\n',char(10)),3,'',17,1,'2024-07-04 08:44:56.785301');
INSERT INTO django_admin_log VALUES(167,'10','Nouvel Essai',2,'[{"changed": {"fields": ["Photo"]}}]',7,1,'2024-07-04 09:43:33.862879');
INSERT INTO django_admin_log VALUES(168,'9','Premier parking essai',2,'[{"changed": {"fields": ["Photo"]}}]',7,1,'2024-07-04 09:43:50.239315');
INSERT INTO django_admin_log VALUES(169,'8','Gouvernorat Bukavu',2,'[{"changed": {"fields": ["Photo"]}}]',7,1,'2024-07-04 09:44:07.648666');
INSERT INTO django_admin_log VALUES(170,'8','Gouvernorat Bukavu',2,'[{"changed": {"fields": ["Photo"]}}]',7,1,'2024-07-04 09:44:30.173302');
INSERT INTO django_admin_log VALUES(171,'7','Kinshasa Parking',2,'[{"changed": {"fields": ["Photo"]}}]',7,1,'2024-07-04 09:44:53.632434');
INSERT INTO django_admin_log VALUES(172,'5','Mairie de Goma',2,'[{"changed": {"fields": ["Photo"]}}]',7,1,'2024-07-04 09:45:07.086347');
INSERT INTO django_admin_log VALUES(173,'4','Cathedrale Notre Dame Parking',2,'[{"changed": {"fields": ["Photo"]}}]',7,1,'2024-07-04 09:45:34.853999');
INSERT INTO django_admin_log VALUES(174,'3','Chic Downtown Parking',2,'[{"changed": {"fields": ["Photo"]}}]',7,1,'2024-07-04 09:45:55.893555');
INSERT INTO django_admin_log VALUES(175,'11','leon',1,'[{"added": {}}]',7,1,'2024-07-04 16:03:59.797756');
INSERT INTO django_admin_log VALUES(176,'7','armandcito@gmail.com',2,'[{"changed": {"fields": ["Bio"]}}]',6,1,'2024-07-07 11:30:54.388105');
INSERT INTO django_admin_log VALUES(177,'1','Platfom',2,'[{"changed": {"fields": ["Bio"]}}]',6,1,'2024-07-07 13:02:12.811801');
INSERT INTO django_admin_log VALUES(178,'21','Found Object at Kinshasa Parking - un phone trouve',2,'[{"changed": {"fields": ["Image"]}}]',13,1,'2024-07-07 16:42:09.247089');
INSERT INTO django_admin_log VALUES(179,'7','LostRequest from ciku@gmail.com at Chic Downtown Parking on 2024-07-01',2,'[{"changed": {"fields": ["Description"]}}]',16,1,'2024-07-07 17:31:42.414979');
INSERT INTO django_admin_log VALUES(180,'5','LostRequest from ciku@gmail.com at Kinshasa Parking on 2024-06-30',2,'[{"changed": {"fields": ["Photo"]}}]',16,1,'2024-07-07 18:42:22.119010');
INSERT INTO django_admin_log VALUES(181,'5','LostRequest from ciku@gmail.com at Kinshasa Parking on 2024-06-30',2,'[{"changed": {"fields": ["Photo"]}}]',16,1,'2024-07-07 18:43:07.745836');
INSERT INTO django_admin_log VALUES(182,'22','Found Object at Kinshasa Parking - De couleur noire, pochette orange, tell personne Sur le profil',1,'[{"added": {}}]',13,1,'2024-07-07 18:44:55.178949');
INSERT INTO django_admin_log VALUES(183,'22','Found Object at Kinshasa Parking - De couleur noire, pochette orange, tell personne Sur le profil',2,'[{"changed": {"fields": ["Image"]}}]',13,1,'2024-07-07 18:45:29.409161');
INSERT INTO django_admin_log VALUES(184,'23','Found Object at Mairie de Goma - Perdu mon chapeau hier, downtown Parking',1,'[{"added": {}}]',13,1,'2024-07-07 18:48:41.676818');
INSERT INTO django_admin_log VALUES(185,'24','Found Object at Mairie de Goma - Perdu mon chapeau hier, downtown Parking',1,'[{"added": {}}]',13,1,'2024-07-07 18:48:41.796955');
INSERT INTO django_admin_log VALUES(186,'23','Found Object at Mairie de Goma - Perdu mon chapeau hier, downtown Parking',2,'[]',13,1,'2024-07-07 18:50:38.766472');
INSERT INTO django_admin_log VALUES(187,'25','Found Object at Nouvel Essai - dslkm rewso;ldmq ownaldmp obwescnlm oinwselkckx',1,'[{"added": {}}]',13,1,'2024-07-07 18:51:46.184051');
INSERT INTO django_admin_log VALUES(188,'24','Found Object at Mairie de Goma - Perdu mon chapeau hier, downtown Parking',2,'[{"changed": {"fields": ["Image"]}}]',13,1,'2024-07-07 19:12:02.537843');
INSERT INTO django_admin_log VALUES(189,'1',replace(replace('lecdn vscbjlank pwbvodiascnlk brwepvina;kd pwbvicenaks wvobcljsa\r\nrvwosbcjlnw\r\nrvwcbajlnksdcqlenorw  rowbvlcan\r\neosdjcnlkwrw \r\n\r\nrovsnjleakds','\r',char(13)),'\n',char(10)),1,'[{"added": {}}]',19,1,'2024-07-09 10:43:50.932059');
INSERT INTO django_admin_log VALUES(190,'1',replace(replace('lecdn vscbjlank pwbvodiascnlk brwepvina;kd pwbvicenaks wvobcljsa\r\nrvwosbcjlnw\r\nrvwcbajlnksdcqlenorw  rowbvlcan\r\neosdjcnlkwrw \r\n\r\nrovsnjleakds','\r',char(13)),'\n',char(10)),2,'[{"changed": {"fields": ["Image"]}}]',19,1,'2024-07-09 10:57:19.059135');
INSERT INTO django_admin_log VALUES(191,'1','Platfom',2,'[{"changed": {"fields": ["Groups"]}}]',6,1,'2024-07-09 11:40:42.585639');
INSERT INTO django_admin_log VALUES(192,'1','Platfom',2,'[]',6,1,'2024-07-09 11:41:27.060436');
INSERT INTO django_admin_log VALUES(193,'1','Platfom',2,'[{"changed": {"fields": ["Groups"]}}]',6,1,'2024-07-09 11:42:47.144617');
INSERT INTO django_admin_log VALUES(194,'26','Found Object at Nouvel Essai - kkjnmk',2,'[{"changed": {"fields": ["Name", "Image"]}}]',13,1,'2024-07-09 12:21:03.353621');
INSERT INTO django_admin_log VALUES(195,'15','4',2,'[{"changed": {"fields": ["Occupied by", "Status"]}}]',10,1,'2024-07-09 21:15:31.293811');
INSERT INTO django_admin_log VALUES(196,'3','Chic Downtown Parking',2,'[{"changed": {"fields": ["Esp id"]}}]',7,1,'2024-07-11 13:36:41.151258');
INSERT INTO django_admin_log VALUES(197,'15','4',3,'',10,1,'2024-07-11 14:11:54.118775');
INSERT INTO django_admin_log VALUES(198,'14','3',3,'',10,1,'2024-07-11 14:11:54.205125');
INSERT INTO django_admin_log VALUES(199,'13','2',3,'',10,1,'2024-07-11 14:11:54.373462');
INSERT INTO django_admin_log VALUES(200,'12','1',3,'',10,1,'2024-07-11 14:11:54.592492');
INSERT INTO django_admin_log VALUES(201,'11','1',3,'',10,1,'2024-07-11 14:11:54.684242');
INSERT INTO django_admin_log VALUES(202,'10','10',3,'',10,1,'2024-07-11 14:11:54.762904');
INSERT INTO django_admin_log VALUES(203,'9','9',3,'',10,1,'2024-07-11 14:11:54.829563');
INSERT INTO django_admin_log VALUES(204,'8','8',3,'',10,1,'2024-07-11 14:11:54.888826');
INSERT INTO django_admin_log VALUES(205,'7','7',3,'',10,1,'2024-07-11 14:11:54.962580');
INSERT INTO django_admin_log VALUES(206,'6','6',3,'',10,1,'2024-07-11 14:11:55.048237');
INSERT INTO django_admin_log VALUES(207,'5','5',3,'',10,1,'2024-07-11 14:11:55.132463');
INSERT INTO django_admin_log VALUES(208,'4','4',3,'',10,1,'2024-07-11 14:11:55.217794');
INSERT INTO django_admin_log VALUES(209,'3','3',3,'',10,1,'2024-07-11 14:11:55.299865');
INSERT INTO django_admin_log VALUES(210,'2','2',3,'',10,1,'2024-07-11 14:11:55.441934');
INSERT INTO django_admin_log VALUES(211,'20','5',3,'',10,1,'2024-07-11 14:25:54.960149');
INSERT INTO django_admin_log VALUES(212,'19','4',3,'',10,1,'2024-07-11 14:25:55.079540');
INSERT INTO django_admin_log VALUES(213,'18','3',3,'',10,1,'2024-07-11 14:25:55.175933');
INSERT INTO django_admin_log VALUES(214,'17','2',3,'',10,1,'2024-07-11 14:25:55.279127');
INSERT INTO django_admin_log VALUES(215,'16','1',3,'',10,1,'2024-07-11 14:25:55.406598');
INSERT INTO django_admin_log VALUES(216,'23','Reservation 23 by Platfom',3,'',11,1,'2024-07-11 14:28:16.154760');
INSERT INTO django_admin_log VALUES(217,'21','1',2,'[{"changed": {"fields": ["Is booked"]}}]',10,1,'2024-07-11 14:29:19.566323');
INSERT INTO django_admin_log VALUES(218,'3','Chic Downtown Parking',2,'[{"changed": {"fields": ["Pricelvl3"]}}]',7,1,'2024-07-11 15:33:44.385974');
INSERT INTO django_admin_log VALUES(219,'8','Gouvernorat Bukavu',2,'[{"changed": {"fields": ["Esp id"]}}]',7,1,'2024-07-12 20:23:55.543212');
INSERT INTO django_admin_log VALUES(220,'5','Centre Commercial de Goma',2,'[{"changed": {"fields": ["Name"]}}]',7,1,'2024-07-12 20:42:38.296631');
INSERT INTO django_admin_log VALUES(221,'5','Centre Commercial de Goma',2,'[{"changed": {"fields": ["Esp id"]}}]',7,1,'2024-07-12 20:44:33.409126');
INSERT INTO django_admin_log VALUES(222,'8','Gouvernorat Bukavu',2,'[{"changed": {"fields": ["Esp id"]}}]',7,1,'2024-07-12 20:48:27.745985');
INSERT INTO django_admin_log VALUES(223,'5','Centre Commercial de Goma',2,'[{"changed": {"fields": ["Esp id"]}}]',7,1,'2024-07-12 23:18:52.047856');
INSERT INTO django_admin_log VALUES(224,'3','Chic Downtown Parking',2,'[{"changed": {"fields": ["Esp id"]}}]',7,1,'2024-07-12 23:19:03.297391');
INSERT INTO django_admin_log VALUES(225,'24','Found Object at Centre Commercial de Goma - An user has forgotten his/her pair of eyeglasses in our restaurant',2,'[{"changed": {"fields": ["Name", "Description", "Image"]}}]',13,1,'2024-07-16 20:43:09.318728');
INSERT INTO django_admin_log VALUES(226,'23','Found Object at Centre Commercial de Goma - This bag was found by our cleaning services near the incoming parking gate',2,'[{"changed": {"fields": ["Name", "Description", "Image"]}}]',13,1,'2024-07-16 20:44:07.189711');
INSERT INTO django_admin_log VALUES(227,'22','Found Object at Kinshasa Parking - Has lost this wallet containing important documents, but no contacts inside to get to.',2,'[{"changed": {"fields": ["Name", "Description", "Image"]}}]',13,1,'2024-07-16 20:45:45.765291');
INSERT INTO django_admin_log VALUES(228,'25','Found Object at Nouvel Essai - dslkm rewso;ldmq ownaldmp obwescnlm oinwselkckx',2,'[{"changed": {"fields": ["Image"]}}]',13,1,'2024-07-16 20:46:17.195494');
INSERT INTO django_admin_log VALUES(229,'25','Found Object at Nouvel Essai - dslkm rewso;ldmq ownaldmp obwescnlm oinwselkckx',2,'[{"changed": {"fields": ["Image"]}}]',13,1,'2024-07-16 20:46:35.213389');
INSERT INTO django_admin_log VALUES(230,'25','Found Object at Nouvel Essai - Surprisingly, for the first time we show a lost hat, it is special, Claim !',2,'[{"changed": {"fields": ["Name", "Description", "Image"]}}]',13,1,'2024-07-16 20:47:58.720254');
INSERT INTO django_admin_log VALUES(231,'25','Found Object at Nouvel Essai - Surprisingly, for the first time we show a lost hat, it is special, Claim!',2,'[{"changed": {"fields": ["Description"]}}]',13,1,'2024-07-16 20:48:36.063718');
INSERT INTO django_admin_log VALUES(232,'8','LostRequest from ciku@gmail.com at Chic Downtown Parking on 2024-04-29',2,'[{"changed": {"fields": ["Parking area", "Photo", "Description", "Response"]}}]',16,1,'2024-07-16 20:53:36.815108');
INSERT INTO django_admin_log VALUES(233,'5','LostRequest from ciku@gmail.com at Kinshasa Parking on 2024-06-30',2,'[{"changed": {"fields": ["Photo", "Description", "Response"]}}]',16,1,'2024-07-16 20:55:53.931129');
INSERT INTO django_admin_log VALUES(234,'7','LostRequest from ciku@gmail.com at Chic Downtown Parking on 2024-07-01',2,'[{"changed": {"fields": ["Photo", "Description", "Response", "Is responded"]}}]',16,1,'2024-07-16 21:01:52.290628');
INSERT INTO django_admin_log VALUES(235,'7','LostRequest from ciku@gmail.com at Chic Downtown Parking on 2024-07-01',2,'[]',16,1,'2024-07-16 21:02:16.613881');
INSERT INTO django_admin_log VALUES(236,'11','Glory',2,'[{"changed": {"fields": ["Name", "City", "Share location", "Photo", "Workingtime"]}}]',7,1,'2024-07-16 21:22:44.861423');
INSERT INTO django_admin_log VALUES(237,'11','Glory',2,'[{"changed": {"fields": ["Location"]}}]',7,1,'2024-07-16 21:24:08.813254');
INSERT INTO django_admin_log VALUES(238,'10','Nouvel Essai',3,'',7,1,'2024-07-16 21:24:21.411192');
INSERT INTO django_admin_log VALUES(239,'11','Glory',2,'[{"changed": {"fields": ["Photo"]}}]',7,1,'2024-07-16 21:28:47.969005');
INSERT INTO django_admin_log VALUES(240,'9','Premier parking essai',3,'',7,1,'2024-07-16 21:29:38.420246');
INSERT INTO django_admin_log VALUES(241,'6','Nairobi',1,'[{"added": {}}]',9,1,'2024-07-16 21:42:58.347287');
INSERT INTO django_admin_log VALUES(242,'4','Ridgeways Mall, Kiambu Road in kiambu',2,'[{"changed": {"fields": ["Name", "City", "Photo"]}}]',7,1,'2024-07-16 21:43:33.876766');
INSERT INTO django_admin_log VALUES(243,'7','Kinshasa Parking',3,'',7,1,'2024-07-16 21:48:42.201220');
INSERT INTO django_admin_log VALUES(244,'7','Kampala',1,'[{"added": {}}]',9,1,'2024-07-16 21:55:56.689298');
INSERT INTO django_admin_log VALUES(245,'8','Nakumatt Holdings',2,'[{"changed": {"fields": ["Name", "City"]}}]',7,1,'2024-07-16 21:56:12.092629');
INSERT INTO django_admin_log VALUES(246,'8','Nakumatt Holdings',2,'[{"changed": {"fields": ["Photo"]}}]',7,1,'2024-07-16 21:57:03.327554');
CREATE TABLE IF NOT EXISTS "django_session" ("session_key" varchar(40) NOT NULL PRIMARY KEY, "session_data" text NOT NULL, "expire_date" datetime NOT NULL);
INSERT INTO django_session VALUES('ule1dhe3bd2igfz8q8jr5xzpasve23ge','.eJxVjEEOgjAQRe_StWlaGIfWpXvOQKYzU0FNSSisjHdXEha6_e-9_zIDbes4bFWXYRJzMd6cfrdE_NCyA7lTuc2W57IuU7K7Yg9abT-LPq-H-3cwUh2_NbaCmCUwdJqYfBbMyBkwuAARzuoiEQD6CIqZsdFOEjVMTtW1XTDvD_urOHQ:1sBira:CVSja_r7Uqf3MdG44FqDjX7Ak6J7M4L9WQt7Z3l4t4E','2024-06-10 22:30:42.529233');
INSERT INTO django_session VALUES('z37q078na2z01ymfln4cv3vs795it12w','.eJxVjMsOwiAQRf-FtSE8yhRcuvcbyDAMUjU0Ke3K-O_apAvd3nPOfYmI21rj1nmJUxZnYcXpd0tID247yHdst1nS3NZlSnJX5EG7vM6Zn5fD_Tuo2Ou3TiNoZQ0CeVcMBEIOgcBqY1DTgEaVjIXyMHqlHKRgiCF4Vbx2niyL9wfYyTej:1sCcaY:Tr_HER0LQZS1otb76ezkDzIFFbR9AwzEOUOIuBGdFMY','2024-06-13 10:00:50.525920');
INSERT INTO django_session VALUES('exga6kh9pznqxq7img082t5w66d84y7y','.eJxVjMsOwiAQRf-FtSEDIy24dN9vIDM8pGogKe3K-O_apAvd3nPOfQlP21r81tPi5yguwojT78YUHqnuIN6p3poMra7LzHJX5EG7nFpMz-vh_h0U6uVbszkrBq1JE2YFIxmXXAAI0RJbzpkQkfVgAHCwpLRFjWQCpjFhcEa8P9yLN38:1sCcpT:4GW1ot5-Quxwve4NjRm0M__weOm0rZNpTebXplWCej0','2024-06-13 10:16:15.119924');
INSERT INTO django_session VALUES('jp8kyb3s7u3jy3djgvvuox6nigdwi2i8','.eJxVjMsOwiAQRf-FtSEDIy24dN9vIDM8pGogKe3K-O_apAvd3nPOfQlP21r81tPi5yguwojT78YUHqnuIN6p3poMra7LzHJX5EG7nFpMz-vh_h0U6uVbszkrBq1JE2YFIxmXXAAI0RJbzpkQkfVgAHCwpLRFjWQCpjFhcEa8P9yLN38:1sCd1e:_MjsfeCIF2_Bai_3TiD32rdXC6ItWKW4OUG7rNhPlJU','2024-06-13 10:28:50.526817');
INSERT INTO django_session VALUES('58cfau2j3oufybpeo6am8uccud7ficne','.eJxVjDsOwjAQBe_iGlmOPxuHkp4zRGvvLgkgW4qTCnF3iJQC2jcz76VG3NZp3Bov40zqrECdfreE-cFlB3THcqs617Iuc9K7og_a9LUSPy-H-3cwYZu-deQuGNNl4cGgB-EEmRBCoiRsXSe9Cc4DWSdx4Aiht1mQfO8tAMSs3h_5TTgT:1sCjMl:BSraFj0AlgNW5jeBmsGj10QbAf0PBayFUSO6qFVdKBM','2024-06-13 17:15:03.476710');
INSERT INTO django_session VALUES('jldsqobdre3zdm0h3bqbjkk0c7unbw5k','.eJxVjMsOwiAQRf-FtSEglIdL9_0GMsMMUjU0Ke3K-O_apAvd3nPOfYkE21rT1nlJE4mL0OL0uyHkB7cd0B3abZZ5busyodwVedAux5n4eT3cv4MKvX5r64tBIFYuKzqb6Mly0VxCcM4oBdYHUCYqz9YZ7wm1RTQaKcch5kGL9wfjCTeh:1sCjVa:WMQEMuQmkbjcb2Af-lu9TLuh9XBDFGuvrLqCQ7LNm0M','2024-06-13 17:24:10.937171');
INSERT INTO django_session VALUES('dyl1fs5x14yqgh6kbos4ouig69lwpfzn','.eJxVjEEOwiAQRe_C2hCGZhBduvcMZGCmUjWQlHbVeHdL0oUu_ua9l7-pQOuSw9pkDhOrqwJ1-mWR0ktKF_yk8qg61bLMU9Q90Ydt-l5Z3rej_TvI1HK_NQ6jR0MJE0QLBDAYxguPBmAE58ngkByLgCWwvCMUEUxnv29g9fkCy-Y3rA:1sCltH:AJL2-a3Jraf2qcr-Z6gnjHcyFB6AmVuQxQ2lj3M4kso','2024-06-13 19:56:47.738096');
INSERT INTO django_session VALUES('58whtj9ium83zjpjtl7a22e4fgg0h0b2','.eJxVjEEOwiAQRe_C2hCGZhBduvcMZGCmUjWQlHbVeHdL0oUu_ua9l7-pQOuSw9pkDhOrqwJ1-mWR0ktKF_yk8qg61bLMU9Q90Ydt-l5Z3rej_TvI1HK_NQ6jR0MJE0QLBDAYxguPBmAE58ngkByLgCWwvCMUEUxnv29g9fkCy-Y3rA:1sGr8T:838pFU1rRfSlAOSBpMsJkPdY-2VUlESbjbnicI_rXeY','2024-06-25 02:21:21.022111');
INSERT INTO django_session VALUES('xgchu48r3171echdyxihyo4xrtohj3hn','.eJxVjEEOwiAQRe_C2hCGZhBduvcMZGCmUjWQlHbVeHdL0oUu_ua9l7-pQOuSw9pkDhOrqwJ1-mWR0ktKF_yk8qg61bLMU9Q90Ydt-l5Z3rej_TvI1HK_NQ6jR0MJE0QLBDAYxguPBmAE58ngkByLgCWwvCMUEUxnv29g9fkCy-Y3rA:1sKuXj:0uU0OIUDXHQ7ZFkXJXcP38bJEEjNhYNYrQKQpuSY9AI','2024-07-06 06:48:11.877209');
INSERT INTO django_session VALUES('le2iknyjt2vmbe8seflgxrzteumymsb1','.eJxVjEEOwiAQRe_C2hCGZhBduvcMZGCmUjWQlHbVeHdL0oUu_ua9l7-pQOuSw9pkDhOrqwJ1-mWR0ktKF_yk8qg61bLMU9Q90Ydt-l5Z3rej_TvI1HK_NQ6jR0MJE0QLBDAYxguPBmAE58ngkByLgCWwvCMUEUxnv29g9fkCy-Y3rA:1sKvwk:BG7ybXaM48TpKZq3xa0925dD0rGK5yhjn7YSYeBSCi4','2024-07-06 08:18:06.690567');
INSERT INTO django_session VALUES('e6adm8pxyoz944tsm18a51cy78z7vbqr','.eJxVjEEOgjAQRe_StWnKtGWKS_ecoZnOFIsaSCisjHcXEha6_e-9_1aRtrXEreYljqKuCtXld0vEzzwdQB403WfN87QuY9KHok9adT9Lft1O9--gUC17zdY1Trxts2CAZAY06BzSQBC48RwceC-QM0IAwya0jALNnpFNXWfV5wvL3TcT:1sKyt5:R0rNzeP6FnjklukrRin3fQ8n7Tntyg3gB99c6Wsfhck','2024-07-06 11:26:31.398798');
INSERT INTO django_session VALUES('gu92kw2icy0aeb71hd3atbanpgnpzze6','.eJxVjEEOwiAQRe_C2hCGZhBduvcMZGCmUjWQlHbVeHdL0oUu_ua9l7-pQOuSw9pkDhOrqwJ1-mWR0ktKF_yk8qg61bLMU9Q90Ydt-l5Z3rej_TvI1HK_NQ6jR0MJE0QLBDAYxguPBmAE58ngkByLgCWwvCMUEUxnv29g9fkCy-Y3rA:1sMVRD:LBrlbGxT0S82MCVAcH2n5MevoJ-OstnjR0mTsRXM-SI','2024-07-10 16:24:03.463529');
INSERT INTO django_session VALUES('k1joq8e6p7ozn8r1gq6hu7363xmou22f','.eJxVjDsOwjAQBe_iGlm7_uFQ0ucM1tpe4wBypDipEHeHSCmgfTPzXiLQttawdV7ClMVFIIrT7xgpPbjtJN-p3WaZ5rYuU5S7Ig_a5Thnfl4P9--gUq_f2oLRkNEgJ4LoHZAt3pOCMxhfwESrVWEEPSSvlXPa5RKLMs7ykLCgeH8A3vk3Lg:1sNBXG:xijL8XjgmiT3Ye48QSLwxYVl0wsGofI1IGws8_M1QCg','2024-07-12 13:21:06.511256');
INSERT INTO django_session VALUES('bs668eb9hdlsnwnrvy4c132m2t9y1sas','.eJxVjDsOwjAQBe_iGlm7_uFQ0ucM1tpe4wBypDipEHeHSCmgfTPzXiLQttawdV7ClMVFIIrT7xgpPbjtJN-p3WaZ5rYuU5S7Ig_a5Thnfl4P9--gUq_f2oLRkNEgJ4LoHZAt3pOCMxhfwESrVWEEPSSvlXPa5RKLMs7ykLCgeH8A3vk3Lg:1sNBgQ:tJt4VlPPSXFAUwhRzAb0i_utmq3OpJLxjHgVohA8gB8','2024-07-12 13:30:34.606712');
INSERT INTO django_session VALUES('mzcc9ilrns1lqnpwpous337cb8rrncxe','.eJxVjDsOwyAQRO9CHSHzXUiZ3mdA4F2CkwgkY1dR7h5bcpF0o3lv5s1C3NYStk5LmJFdmWCX3y7F6Un1APiI9d741Oq6zIkfCj9p52NDet1O9--gxF72NcmBEETMIiflBmcTaiJwWQhpjDPg9wjRkvJa2qxAgdGeMlntdVLIPl_eBjdo:1sNr7R:1NL4nfojOIwt61Q8PaZG3EYUXhPBGDbcjHgbEzNMe1w','2024-07-14 09:45:13.458249');
INSERT INTO django_session VALUES('dvet0terggiqan170wo42cgezh3957iz','.eJxVjDsOwyAQRO9CHSHzXUiZ3mdA4F2CkwgkY1dR7h5bcpF0o3lv5s1C3NYStk5LmJFdmWCX3y7F6Un1APiI9d741Oq6zIkfCj9p52NDet1O9--gxF72NcmBEETMIiflBmcTaiJwWQhpjDPg9wjRkvJa2qxAgdGeMlntdVLIPl_eBjdo:1sODIo:ZKnEk3JiqXzzg66sqE5u1gD0ekFi8fOyU7qz_HA9Rlw','2024-07-15 09:26:26.941697');
INSERT INTO django_session VALUES('ttpqq9wfvq0adw204ymnrb80kfqqrp5t','.eJxVjDsOwyAQRO9CHSHzXUiZ3mdA4F2CkwgkY1dR7h5bcpF0o3lv5s1C3NYStk5LmJFdmWCX3y7F6Un1APiI9d741Oq6zIkfCj9p52NDet1O9--gxF72NcmBEETMIiflBmcTaiJwWQhpjDPg9wjRkvJa2qxAgdGeMlntdVLIPl_eBjdo:1sOjWe:Pg-dH3YLFXu26P7MKp16EbFoaTeOmrPtzS11LFig0Go','2024-07-16 19:50:52.490472');
INSERT INTO django_session VALUES('07q17715futkvgt8g7aeiu0q0ft9ofiz','.eJxVjDsOwyAQRO9CHSHzXUiZ3mdA4F2CkwgkY1dR7h5bcpF0o3lv5s1C3NYStk5LmJFdmWCX3y7F6Un1APiI9d741Oq6zIkfCj9p52NDet1O9--gxF72NcmBEETMIiflBmcTaiJwWQhpjDPg9wjRkvJa2qxAgdGeMlntdVLIPl_eBjdo:1sOjii:99ZKOPOuouQNOpuzRDpt1H3OzBa5jb9bSFoIS5L2TYQ','2024-07-16 20:03:20.459794');
INSERT INTO django_session VALUES('m2qbpsxuptaa4lp4nz8mn8hd6yayb4rw','.eJxVjMsOwiAUBf-FtSHCpQVcuvcbyH1QqRqalHZl_HfbpAvdzsw5b5VwXUpaW57TKOqijFOnX0jIz1x3Iw-s90nzVJd5JL0n-rBN3ybJr-vR_h0UbGVbd8QUXCaKZ5HekgHsBvQRrNlINF6so-BNAMkDsAO0zNh7AApkbFafLxkTOFY:1sOjln:OEWdbW_BxKkm4-hzFGdTMx7JJGuec81C1Xjg6GZx4Xo','2024-07-16 20:06:31.041819');
INSERT INTO django_session VALUES('lojvtotwkx244de9g23y3ckbejy1oluw','.eJxVjEEOwiAQRe_C2hBmoBRcuvcMZIBBqoYmpV0Z765NutDtf-_9lwi0rTVsnZcwZXEWoMXpd4yUHtx2ku_UbrNMc1uXKcpdkQft8jpnfl4O9--gUq_funhj0WZIBZIFrZgRLenoY2TMSCUaQl0GdEqjGUcaXAIP7DQpMAnE-wMI2ze2:1sOjoi:NSAK9eouFjwf5YuMtOY7TFqUrjiTAp4teNP4rfrPMwI','2024-07-16 20:09:32.427335');
INSERT INTO django_session VALUES('w0ws7k2tspwr4nfjphc49m12zf1hwbsi','.eJxVjEEOgjAQRe_StWnKtGWKS_ecoZnOFIsaSCisjHcXEha6_e-9_1aRtrXEreYljqKuCtXld0vEzzwdQB403WfN87QuY9KHok9adT9Lft1O9--gUC17zdY1Trxts2CAZAY06BzSQBC48RwceC-QM0IAwya0jALNnpFNXWfV5wvL3TcT:1sOjpv:_M48HqfmffbeJ02K8bdTOjEsZUwbL-0F9QGm5xeCR8Q','2024-07-16 20:10:47.777043');
INSERT INTO django_session VALUES('4l4qovrbg8bdahrixo36gbo0c2th8jxq','.eJxVjDsOwyAQRO9CHSHzXUiZ3mdA4F2CkwgkY1dR7h5bcpF0o3lv5s1C3NYStk5LmJFdmWCX3y7F6Un1APiI9d741Oq6zIkfCj9p52NDet1O9--gxF72NcmBEETMIiflBmcTaiJwWQhpjDPg9wjRkvJa2qxAgdGeMlntdVLIPl_eBjdo:1sP3cd:SWZRsNS7EJCxuAGf-Y2vDH_C7rDLoLYNv2302N0iMlI','2024-07-17 17:18:23.166123');
INSERT INTO django_session VALUES('pei8929nswzxyhky3heggjkv23zmjx2k','.eJxVjDsOwyAQRO9CHSHzXUiZ3mdA4F2CkwgkY1dR7h5bcpF0o3lv5s1C3NYStk5LmJFdmWCX3y7F6Un1APiI9d741Oq6zIkfCj9p52NDet1O9--gxF72NcmBEETMIiflBmcTaiJwWQhpjDPg9wjRkvJa2qxAgdGeMlntdVLIPl_eBjdo:1sPHx3:cgZZ6AWsafrDVqk_1lEjbW6B3uEALH7mqqdmoKxiCKk','2024-07-18 08:36:25.727751');
INSERT INTO django_session VALUES('57l1l4gdrq5y17et3qf11o8czcaeernz','.eJxVjDsOwyAQRO9CHSHzXUiZ3mdA4F2CkwgkY1dR7h5bcpF0o3lv5s1C3NYStk5LmJFdmWCX3y7F6Un1APiI9d741Oq6zIkfCj9p52NDet1O9--gxF72NcmBEETMIiflBmcTaiJwWQhpjDPg9wjRkvJa2qxAgdGeMlntdVLIPl_eBjdo:1sPIRv:fOlhrGCpyNRsFOsQ7r4cour3GGWCs33m-gvJ11QnEfA','2024-07-18 09:08:19.848649');
INSERT INTO django_session VALUES('4g86yklrjfm500igyzlahpqksmvkydnp','.eJxVjDsOwyAQRO9CHSHzXUiZ3mdA4F2CkwgkY1dR7h5bcpF0o3lv5s1C3NYStk5LmJFdmWCX3y7F6Un1APiI9d741Oq6zIkfCj9p52NDet1O9--gxF72NcmBEETMIiflBmcTaiJwWQhpjDPg9wjRkvJa2qxAgdGeMlntdVLIPl_eBjdo:1sPOsO:4Od8m3ADFbb4BppII4CzYn5gdz-JLOJIcSru1X2sh70','2024-07-18 16:00:04.313602');
INSERT INTO django_session VALUES('cdii84xwpccw5lsf1noy3zkkuvouwm81','.eJxVjDEOwjAMRe-SGUWtCXHEyM4ZIie2SQElUtNOiLtDpQ6w_vfef5lI61Li2mWOE5uzGc3hd0uUH1I3wHeqt2Zzq8s8JbspdqfdXhvL87K7fweFevnWxBAUnToWpaPqyZEEgYyZw5gDeA5BkH12XpiAdVBQTTw4RISE5v0BJRc5bA:1sQUxT:7UIUBHMBaWhCSK8TIozxtYd3LDECkebby4Wgxt6Uu2I','2024-07-21 16:41:51.537059');
INSERT INTO django_session VALUES('31xux1rjv1g43c6zcvy0dafcrywph33t','.eJxVjEEOgjAQRe_StWnKtGWKS_ecoZnOFIsaSCisjHcXEha6_e-9_1aRtrXEreYljqKuCtXld0vEzzwdQB403WfN87QuY9KHok9adT9Lft1O9--gUC17zdY1Trxts2CAZAY06BzSQBC48RwceC-QM0IAwya0jALNnpFNXWfV5wvL3TcT:1sQZjC:QvPTp6vp5RgH3HhanmbhhOhOYRifthwe3KVipsdTdsA','2024-07-21 21:47:26.426388');
INSERT INTO django_session VALUES('85zj7tx45btejdo4pev8tk72kkir2v15','.eJxVjMsOwiAUBf-FtSHCpQVcuvcbyH1QqRqalHZl_HfbpAvdzsw5b5VwXUpaW57TKOqijFOnX0jIz1x3Iw-s90nzVJd5JL0n-rBN3ybJr-vR_h0UbGVbd8QUXCaKZ5HekgHsBvQRrNlINF6so-BNAMkDsAO0zNh7AApkbFafLxkTOFY:1sQavN:yNpzJDfLS29Wd13uXllS4z07wN8GD03PhZ08YUWbCLk','2024-07-21 23:04:05.332346');
INSERT INTO django_session VALUES('v3xwv3o8nd5dp2hgmty6lq0b0o4e98qc','.eJxVjEEOwiAQRe_C2hCG0AFcuvcMZIBBqgaS0q6Md9cmXej2v_f-SwTa1hq2wUuYszgLEKffLVJ6cNtBvlO7dZl6W5c5yl2RBx3y2jM_L4f7d1Bp1G-tE1lWBOA1TM5jVtkVBs-gjJmiYoBi0RaXQREiRbBQio2OjUMsWrw_z_A3cw:1sR98w:MgfzBHRwHP8gM5O47Oo-nj8OQPQIXoraT7KPtbnKqYg','2024-07-23 11:36:22.539605');
INSERT INTO django_session VALUES('7pgk5friskvpx4urjsbvt0cklje2woy4','.eJxVjEEOwiAQRe_C2hCG0AFcuvcMZIBBqgaS0q6Md9cmXej2v_f-SwTa1hq2wUuYszgLEKffLVJ6cNtBvlO7dZl6W5c5yl2RBx3y2jM_L4f7d1Bp1G-tE1lWBOA1TM5jVtkVBs-gjJmiYoBi0RaXQREiRbBQio2OjUMsWrw_z_A3cw:1sRAeY:OWrd2qOH9RPMYyyDWFfH-exOW3guEK2gbcxH8_dI3XY','2024-07-23 13:13:06.995299');
INSERT INTO django_session VALUES('hjbfqrgvnrpojyq7psgool55w3kxod55','.eJxVjMsOwiAUBf-FtSHCpQVcuvcbyH1QqRqalHZl_HfbpAvdzsw5b5VwXUpaW57TKOqijFOnX0jIz1x3Iw-s90nzVJd5JL0n-rBN3ybJr-vR_h0UbGVbd8QUXCaKZ5HekgHsBvQRrNlINF6so-BNAMkDsAO0zNh7AApkbFafLxkTOFY:1sRBmq:jwmuopAN-SJAuUzVWMy1SHZbNFWcWwP2tvWFYRt9QOY','2024-07-23 14:25:44.185549');
INSERT INTO django_session VALUES('jia1xmoe8mt37ba30bwkxkr9nf6ses22','.eJxVjEEOwiAQRe_C2hCG0AFcuvcMZIBBqgaS0q6Md9cmXej2v_f-SwTa1hq2wUuYszgLEKffLVJ6cNtBvlO7dZl6W5c5yl2RBx3y2jM_L4f7d1Bp1G-tE1lWBOA1TM5jVtkVBs-gjJmiYoBi0RaXQREiRbBQio2OjUMsWrw_z_A3cw:1sRIAE:OAoOw90T68E26xNvNzwMWbhd087v2lojS2WxQzo7tNg','2024-07-23 21:14:18.831727');
INSERT INTO django_session VALUES('vsckgyqdou72596s1mus74s44mea8ane','.eJxVjEEOwiAQRe_C2hBmoBRcuvcMZIBBqoYmpV0Z765NutDtf-_9lwi0rTVsnZcwZXEWoMXpd4yUHtx2ku_UbrNMc1uXKcpdkQft8jpnfl4O9--gUq_funhj0WZIBZIFrZgRLenoY2TMSCUaQl0GdEqjGUcaXAIP7DQpMAnE-wMI2ze2:1sSRLW:R6SvIhTMhNPVRcaJJ-a3s1ELPd-vF0lgIbh_fx12Ekw','2024-07-27 01:14:42.087988');
INSERT INTO django_session VALUES('2jsqgeoroi68oxc9u2wpn2drp9v7mq5o','.eJxVjEEOwiAQRe_C2hCG0AFcuvcMZIBBqgaS0q6Md9cmXej2v_f-SwTa1hq2wUuYszgLEKffLVJ6cNtBvlO7dZl6W5c5yl2RBx3y2jM_L4f7d1Bp1G-tE1lWBOA1TM5jVtkVBs-gjJmiYoBi0RaXQREiRbBQio2OjUMsWrw_z_A3cw:1sSmXJ:PMB2ozQxXXarN2eiu7avuPWF_1I05fszvfEQXp1Y4OI','2024-07-27 23:52:17.558186');
INSERT INTO django_session VALUES('0a720m7pgk28854ndd3s35sbat9n9a71','.eJxVjEEOwiAQRe_C2hCG0AFcuvcMZIBBqgaS0q6Md9cmXej2v_f-SwTa1hq2wUuYszgLEKffLVJ6cNtBvlO7dZl6W5c5yl2RBx3y2jM_L4f7d1Bp1G-tE1lWBOA1TM5jVtkVBs-gjJmiYoBi0RaXQREiRbBQio2OjUMsWrw_z_A3cw:1sToLO:bhJJfB4c_YXCr9bbNLeNcU78k68k0Tbed49UNw2mY6M','2024-07-30 20:00:14.078721');
CREATE TABLE IF NOT EXISTS "park_platform" ("id" integer NOT NULL PRIMARY KEY AUTOINCREMENT, "leprix" varchar(200) NULL, "startPrice" integer NOT NULL, "monthPrice" integer NOT NULL);
CREATE TABLE IF NOT EXISTS "park_thecity" ("id" integer NOT NULL PRIMARY KEY AUTOINCREMENT, "name" varchar(100) NOT NULL);
INSERT INTO park_thecity VALUES(2,'KIGALI');
INSERT INTO park_thecity VALUES(3,'BUKAVU');
INSERT INTO park_thecity VALUES(4,'GOMA');
INSERT INTO park_thecity VALUES(5,'KINSHASA');
INSERT INTO park_thecity VALUES(6,'Nairobi');
INSERT INTO park_thecity VALUES(7,'Kampala');
CREATE TABLE IF NOT EXISTS "reservation_reservation" ("id" integer NOT NULL PRIMARY KEY AUTOINCREMENT, "start_time" datetime NOT NULL, "end_time" datetime NOT NULL, "price" decimal NOT NULL, "is_active" bool NOT NULL, "parking_area_id" bigint NOT NULL REFERENCES "park_parkingarea" ("id") DEFERRABLE INITIALLY DEFERRED, "slot_id" bigint NOT NULL REFERENCES "park_slot" ("id") DEFERRABLE INITIALLY DEFERRED, "user_id" bigint NOT NULL REFERENCES "authentication_user" ("id") DEFERRABLE INITIALLY DEFERRED);
INSERT INTO reservation_reservation VALUES(24,'2024-07-11 14:29:34.993342','2024-07-11 15:29:34.993342',120,0,3,21,1);
INSERT INTO reservation_reservation VALUES(25,'2024-07-11 14:43:12.404948','2024-07-11 15:43:12.404948',250,0,3,22,1);
INSERT INTO reservation_reservation VALUES(26,'2024-07-11 14:43:37.192911','2024-07-11 15:43:37.192911',890,0,3,23,1);
INSERT INTO reservation_reservation VALUES(27,'2024-07-12 19:46:07.379891','2024-07-13 06:46:07.379891',1320,0,3,21,1);
INSERT INTO reservation_reservation VALUES(28,'2024-07-12 23:28:32.133963','2024-07-13 00:28:32.133963',120,0,3,21,1);
CREATE TABLE IF NOT EXISTS "park_lostrequest" ("id" integer NOT NULL PRIMARY KEY AUTOINCREMENT, "parking_area" varchar(100) NOT NULL, "date" date NOT NULL, "photo" varchar(100) NOT NULL, "description" text NULL, "response" text NULL, "user_id" bigint NOT NULL REFERENCES "authentication_user" ("id") DEFERRABLE INITIALLY DEFERRED, "is_responded" bool NOT NULL);
INSERT INTO park_lostrequest VALUES(5,'Kinshasa Parking','2024-06-30','lost_requests/gabrielle-henderson-g-9b4W7N67U-unsplash.jpg','Please, I lost this bag that contains my travelling documents, In case you find it please let me know',replace(replace('Ohhh, We are really sorry you lost it.\r\nAs soon as we have more details or we find something, we will let you know, thanks !','\r',char(13)),'\n',char(10)),14,1);
INSERT INTO park_lostrequest VALUES(7,'Chic Downtown Parking','2024-07-01','lost_requests/backgroundas_armQElz.jpg','I think I left some folders that belong to me at your parking area, I wanted you to tell if found it','',14,0);
INSERT INTO park_lostrequest VALUES(8,'Chic Downtown Parking','2024-04-29','lost_requests/tobias-tullius-Fg15LdqpWrs-unsplash.jpg',replace(replace('Have you find this , I think I left it there.\r\nIf so, contact me please','\r',char(13)),'\n',char(10)),'Now We are still checking and you''ll be notified . Thanks !',14,1);
CREATE TABLE IF NOT EXISTS "park_slot" ("id" integer NOT NULL PRIMARY KEY AUTOINCREMENT, "slot_number" integer NOT NULL, "status" bool NOT NULL, "area_id" bigint NOT NULL REFERENCES "park_parkingarea" ("id") DEFERRABLE INITIALLY DEFERRED, "is_booked" bool NOT NULL, "occupied_by_id" bigint NULL REFERENCES "authentication_user" ("id") DEFERRABLE INITIALLY DEFERRED, "created_at" datetime NOT NULL);
INSERT INTO park_slot VALUES(21,1,1,3,0,NULL,'2024-07-11 14:25:55.653813');
INSERT INTO park_slot VALUES(22,2,1,3,0,NULL,'2024-07-11 14:25:55.953956');
INSERT INTO park_slot VALUES(23,3,1,3,0,NULL,'2024-07-11 14:25:56.261770');
INSERT INTO park_slot VALUES(24,4,1,3,0,NULL,'2024-07-11 14:25:56.576388');
INSERT INTO park_slot VALUES(25,5,1,3,0,NULL,'2024-07-11 14:25:56.876453');
INSERT INTO park_slot VALUES(26,1,1,8,0,NULL,'2024-07-12 20:25:59.276989');
INSERT INTO park_slot VALUES(27,2,1,8,0,NULL,'2024-07-12 20:25:59.464562');
INSERT INTO park_slot VALUES(28,3,1,8,0,NULL,'2024-07-12 20:25:59.631360');
INSERT INTO park_slot VALUES(29,4,1,8,0,NULL,'2024-07-12 20:25:59.913557');
INSERT INTO park_slot VALUES(30,5,1,8,0,NULL,'2024-07-12 20:26:00.204985');
INSERT INTO park_slot VALUES(31,1,1,5,0,NULL,'2024-07-12 20:48:28.045763');
INSERT INTO park_slot VALUES(32,2,1,5,0,NULL,'2024-07-12 20:48:28.471369');
INSERT INTO park_slot VALUES(33,3,1,5,0,NULL,'2024-07-12 20:48:28.819258');
INSERT INTO park_slot VALUES(34,4,1,5,0,NULL,'2024-07-12 20:48:29.286215');
INSERT INTO park_slot VALUES(35,5,1,5,0,NULL,'2024-07-12 20:48:29.555071');
CREATE TABLE IF NOT EXISTS "park_parkingarea" ("id" integer NOT NULL PRIMARY KEY AUTOINCREMENT, "name" varchar(100) NOT NULL, "esp_id" varchar(10) NOT NULL, "location" varchar(500) NOT NULL, "slots" integer NOT NULL, "occupancy" integer NOT NULL, "photo" varchar(100) NOT NULL, "workingtime" varchar(100) NULL, "pricelvl1" integer NULL, "pricelvl2" integer NULL, "pricelvl3" integer NULL, "city_id" bigint NULL REFERENCES "park_thecity" ("id") DEFERRABLE INITIALLY DEFERRED, "share_location" varchar(250) NOT NULL);
INSERT INTO park_parkingarea VALUES(3,'Chic Downtown Parking','No12','https://www.google.com/maps/embed?pb=!1m18!1m12!1m3!1d3987.5274792545124!2d30.056362574085824!3d-1.9416874980407017!2m3!1f0!2f0!3f0!3m2!1i1024!2i768!4f13.1!3m3!1m2!1s0x19dca4189c192a01%3A0x1abff61613ac0602!2sChampions%20Investment%20Corporation%20-%20CHIC%20Ltd!5e0!3m2!1sfr!2srw!4v1719970029031!5m2!1sfr!2srw',5,5,'parking_images/course-05_t6RsANB.jpg','6h-18h',120,250,500,2,'https://maps.app.goo.gl/4jFXF5kRAJbk4bZx8');
INSERT INTO park_parkingarea VALUES(4,'Ridgeways Mall, Kiambu Road in kiambu','No1','https://www.google.com/maps/embed?pb=!1m18!1m12!1m3!1d3987.5274792545124!2d30.056362574085824!3d-1.9416874980407017!2m3!1f0!2f0!3f0!3m2!1i1024!2i768!4f13.1!3m3!1m2!1s0x19dca4189c192a01%3A0x1abff61613ac0602!2sChampions%20Investment%20Corporation%20-%20CHIC%20Ltd!5e0!3m2!1sfr!2srw!4v1719969090406!5m2!1sfr!2srw',22,12,'parking_images/Ridgeways_Mall_1.jpg','6h-18h',100,200,250,6,'https://maps.app.goo.gl/GHfY92dFtNHwJzS18');
INSERT INTO park_parkingarea VALUES(5,'Centre Commercial de Goma','No1','https://www.google.com/maps/embed?pb=!1m18!1m12!1m3!1d3988.0699725699606!2d29.23030097397685!3d-1.6962538362095332!2m3!1f0!2f0!3f0!3m2!1i1024!2i768!4f13.1!3m3!1m2!1s0x19dd09c42979df77%3A0x191614598c4984e2!2sGoma%20Serena%20Hotel!5e0!3m2!1sfr!2srw!4v1719969861013!5m2!1sfr!2srw',5,5,'parking_images/course-01_KgGl9E1.jpg','6h-18h',120,100,200,4,'https://maps.app.goo.gl/XBCjq9rvnRvQJLc47');
INSERT INTO park_parkingarea VALUES(8,'Nakumatt Holdings','No13','https://www.google.com/maps/embed?pb=!1m18!1m12!1m3!1d3988.069961517242!2d29.230300974085026!3d-1.6962591982880404!2m3!1f0!2f0!3f0!3m2!1i1024!2i768!4f13.1!3m3!1m2!1s0x19dd09c42979df77%3A0x191614598c4984e2!2sGoma%20Serena%20Hotel!5e0!3m2!1sen!2srw!4v1',5,5,'parking_images/ugd_1.jpg','6h-18h',200,250,300,7,'https://maps.app.goo.gl/XBCjq9rvnRvQJLc47');
INSERT INTO park_parkingarea VALUES(11,'Glory','No2','https://www.google.com/maps/embed?pb=!1m18!1m12!1m3!1d3585.1664925240448!2d30.05227983993479!3d-1.9206015893606296!2m3!1f0!2f0!3f0!3m2!1i1024!2i768!4f13.1!3m3!1m2!1s0x19dca3f75b7b8b91%3A0xc9ab953c704fa9d3!2sULK!5e0!3m2!1sfr!2srw!4v1721164871807!5m2!1sfr!2srw',100,34,'parking_images/Glory_1.jpg','18h/24',120,150,200,2,'https://maps.app.goo.gl/GfKDWiFEi8KHU2c89');
CREATE TABLE IF NOT EXISTS "stats_message_contact" ("id" integer NOT NULL PRIMARY KEY AUTOINCREMENT, "sender" varchar(100) NOT NULL, "body" text NOT NULL, "created_at" datetime NOT NULL, "email" varchar(50) NOT NULL);
INSERT INTO stats_message_contact VALUES(3,'njb','bn','2024-07-10 00:13:00.048018','hb@h.com');
INSERT INTO stats_message_contact VALUES(4,'njb','bn','2024-07-10 00:13:35.600987','hb@h.com');
INSERT INTO stats_message_contact VALUES(5,'vjh','jlnklm','2024-07-10 00:14:21.590057','cito@j.com');
CREATE TABLE IF NOT EXISTS "authentication_user" ("id" integer NOT NULL PRIMARY KEY AUTOINCREMENT, "password" varchar(128) NOT NULL, "last_login" datetime NULL, "is_superuser" bool NOT NULL, "username" varchar(150) NOT NULL UNIQUE, "first_name" varchar(150) NOT NULL, "last_name" varchar(150) NOT NULL, "email" varchar(100) NULL UNIQUE, "is_staff" bool NOT NULL, "is_active" bool NOT NULL, "date_joined" datetime NOT NULL, "phone_number" integer NULL UNIQUE, "bio" varchar(250) NULL, "photo" varchar(100) NOT NULL);
INSERT INTO authentication_user VALUES(1,'pbkdf2_sha256$720000$wLbuNxa6IgpRkcn2LlaDHc$lZy68l2Sfz1ux79RgfbtgBDGdct1POEQmAfZMl/WlKs=','2024-07-16 20:00:13.714526',1,'Platfom','Platform','Matabaspaces','platform@parking.com',1,1,'2024-05-27 22:26:09',791449879,'A super user at MatabaSpaces','user_images/cito.jpg');
INSERT INTO authentication_user VALUES(7,'pbkdf2_sha256$720000$3587u1pK7t0CmYOpL8Xsyu$wBHE1zJ2tkz9ufb0x7sJTyb4id1suiAjWTJcnUqiIRU=','2024-07-10 16:25:44.836991',0,'armandcito@gmail.com','cito','armand','armandcito@gmail.com',0,1,'2024-06-22 08:58:19',738983778,'Je suis un fun normal chez MatabaSpaces','images/parking.jpeg');
INSERT INTO authentication_user VALUES(13,'pbkdf2_sha256$720000$Ulkab1kpKYbi9VIZmtpmND$sqk5XHW9HNfrQKUDvneaKLTeJ3FT03OAn5vqxPOaMG0=','2024-07-13 01:14:41.990937',0,'arno@gmail.com','aaaa','bbbb','arno@gmail.com',0,1,'2024-07-02 19:50:39',2222222222,NULL,'images/parking.jpeg');
INSERT INTO authentication_user VALUES(14,'pbkdf2_sha256$720000$Ab7pQsSaaI7tNO0R8MHobl$PJCHxva5e83EsMrxhJtxJhCqrE6BtE/sDldX7cTS8+E=','2024-07-09 21:08:59.647871',0,'ciku@gmail.com','user2','simple','ciku@gmail.com',0,1,'2024-07-02 20:05:33',986643465,NULL,'images/parking.jpeg');
INSERT INTO authentication_user VALUES(15,'pbkdf2_sha256$720000$aA5LwCBTHmsh8xpFC90U2F$8MC0dk+jD3+aqiekJe2dX3fpFVd/HcIaUVmjP4P4i6M=',NULL,0,'cito@j.com','ddddd','sssss','cito@j.com',0,0,'2024-07-07 10:09:48.989322',7233,NULL,'images/parking.jpeg');
INSERT INTO authentication_user VALUES(16,'pbkdf2_sha256$720000$2nVhi7sLfe4cSM9hE8fln2$Kbfu1gm3tUvM//3SDiz7MkWNduz0v4r7Tzh1XUaj/Qw=',NULL,0,'verify.matabaspaces@gmail.com','aaaa','sssss','verify.matabaspaces@gmail.com',0,1,'2024-07-07 10:35:38.793862',72339,NULL,'images/parking.jpeg');
CREATE TABLE IF NOT EXISTS "stats_notification" ("id" integer NOT NULL PRIMARY KEY AUTOINCREMENT, "header" varchar(100) NOT NULL, "body" text NOT NULL, "created_at" datetime NOT NULL, "image" varchar(100) NOT NULL);
INSERT INTO stats_notification VALUES(1,'Rencontre de tous les parkings Owner',replace(replace('lecdn vscbjlank pwbvodiascnlk brwepvina;kd pwbvicenaks wvobcljsa\r\nrvwosbcjlnw\r\nrvwcbajlnksdcqlenorw  rowbvlcan\r\neosdjcnlkwrw \r\n\r\nrovsnjleakds','\r',char(13)),'\n',char(10)),'2024-07-09 10:43:50.927496','notifications/backgroundas.jpg');
CREATE TABLE IF NOT EXISTS "park_foundobject" ("id" integer NOT NULL PRIMARY KEY AUTOINCREMENT, "description" text NOT NULL, "image" varchar(100) NOT NULL, "parking_area_id" bigint NOT NULL REFERENCES "park_parkingarea" ("id") DEFERRABLE INITIALLY DEFERRED, "date_found" date NOT NULL, "name" varchar(100) NULL);
INSERT INTO park_foundobject VALUES(23,'This bag was found by our cleaning services near the incoming parking gate','found_objects/bag.jpg',5,'2024-06-12','Bag');
INSERT INTO park_foundobject VALUES(24,'An user has forgotten his/her pair of eyeglasses in our restaurant','found_objects/lunette.jpg',5,'2024-06-12','Eyeglasses');
DELETE FROM sqlite_sequence;
INSERT INTO sqlite_sequence VALUES('django_migrations',55);
INSERT INTO sqlite_sequence VALUES('django_content_type',19);
INSERT INTO sqlite_sequence VALUES('auth_permission',88);
INSERT INTO sqlite_sequence VALUES('auth_group',3);
INSERT INTO sqlite_sequence VALUES('django_admin_log',246);
INSERT INTO sqlite_sequence VALUES('park_thecity',7);
INSERT INTO sqlite_sequence VALUES('reservation_reservation',28);
INSERT INTO sqlite_sequence VALUES('auth_group_permissions',65);
INSERT INTO sqlite_sequence VALUES('authentication_user_groups',17);
INSERT INTO sqlite_sequence VALUES('park_lostrequest',9);
INSERT INTO sqlite_sequence VALUES('park_slot',35);
INSERT INTO sqlite_sequence VALUES('park_parkingarea',11);
INSERT INTO sqlite_sequence VALUES('stats_message_contact',5);
INSERT INTO sqlite_sequence VALUES('authentication_user',16);
INSERT INTO sqlite_sequence VALUES('stats_notification',1);
INSERT INTO sqlite_sequence VALUES('park_foundobject',27);
CREATE UNIQUE INDEX "django_content_type_app_label_model_76bd3d3b_uniq" ON "django_content_type" ("app_label", "model");
CREATE UNIQUE INDEX "auth_group_permissions_group_id_permission_id_0cd325b0_uniq" ON "auth_group_permissions" ("group_id", "permission_id");
CREATE INDEX "auth_group_permissions_group_id_b120cbf9" ON "auth_group_permissions" ("group_id");
CREATE INDEX "auth_group_permissions_permission_id_84c5c92e" ON "auth_group_permissions" ("permission_id");
CREATE UNIQUE INDEX "auth_permission_content_type_id_codename_01ab375a_uniq" ON "auth_permission" ("content_type_id", "codename");
CREATE INDEX "auth_permission_content_type_id_2f476e4b" ON "auth_permission" ("content_type_id");
CREATE UNIQUE INDEX "authentication_user_groups_user_id_group_id_8af031ac_uniq" ON "authentication_user_groups" ("user_id", "group_id");
CREATE INDEX "authentication_user_groups_user_id_30868577" ON "authentication_user_groups" ("user_id");
CREATE INDEX "authentication_user_groups_group_id_6b5c44b7" ON "authentication_user_groups" ("group_id");
CREATE UNIQUE INDEX "authentication_user_user_permissions_user_id_permission_id_ec51b09f_uniq" ON "authentication_user_user_permissions" ("user_id", "permission_id");
CREATE INDEX "authentication_user_user_permissions_user_id_736ebf7e" ON "authentication_user_user_permissions" ("user_id");
CREATE INDEX "authentication_user_user_permissions_permission_id_ea6be19a" ON "authentication_user_user_permissions" ("permission_id");
CREATE INDEX "django_admin_log_content_type_id_c4bce8eb" ON "django_admin_log" ("content_type_id");
CREATE INDEX "django_admin_log_user_id_c564eba6" ON "django_admin_log" ("user_id");
CREATE INDEX "django_session_expire_date_a5c62663" ON "django_session" ("expire_date");
CREATE INDEX "reservation_reservation_parking_area_id_612c8b8f" ON "reservation_reservation" ("parking_area_id");
CREATE INDEX "reservation_reservation_slot_id_babb2c36" ON "reservation_reservation" ("slot_id");
CREATE INDEX "reservation_reservation_user_id_261c5876" ON "reservation_reservation" ("user_id");
CREATE INDEX "park_lostrequest_user_id_9162c686" ON "park_lostrequest" ("user_id");
CREATE UNIQUE INDEX "park_slot_area_id_slot_number_648674af_uniq" ON "park_slot" ("area_id", "slot_number");
CREATE INDEX "park_slot_area_id_913bc6b8" ON "park_slot" ("area_id");
CREATE INDEX "park_slot_occupied_by_id_3aeadea2" ON "park_slot" ("occupied_by_id");
CREATE INDEX "park_parkingarea_city_id_20107446" ON "park_parkingarea" ("city_id");
CREATE INDEX "park_foundobject_parking_area_id_832b9821" ON "park_foundobject" ("parking_area_id");
COMMIT;
